Model Name,Iteration,Input Image Length,Hidden Layer Size,Batch Size,Activation Function,Optimizer,Loss Function,Loss,Recall,Precision,F1,Accuracy,Iteration Training Seconds,Iteration Testing Seconds
Hidden1,1,100,4000,16,relu,<class 'torch.optim.adam.Adam'>,<class 'torch.nn.modules.loss.CrossEntropyLoss'>,84.6987071,0.529870389,0.815795417,0.642456445,0.617035035,130.425783,19.132857
Hidden1,2,100,4000,16,relu,<class 'torch.optim.adam.Adam'>,<class 'torch.nn.modules.loss.CrossEntropyLoss'>,79.99791476,0.654416924,0.782668713,0.712819944,0.657600528,122.90494,19.617351
Hidden1,3,100,4000,16,relu,<class 'torch.optim.adam.Adam'>,<class 'torch.nn.modules.loss.CrossEntropyLoss'>,76.77887657,0.666233582,0.797029136,0.725785697,0.673101937,130.235372,19.518383
Hidden1,4,100,4000,16,relu,<class 'torch.optim.adam.Adam'>,<class 'torch.nn.modules.loss.CrossEntropyLoss'>,74.92356291,0.692999261,0.785991882,0.736572083,0.678127817,127.036664,19.84559
Hidden1,5,100,4000,16,relu,<class 'torch.optim.adam.Adam'>,<class 'torch.nn.modules.loss.CrossEntropyLoss'>,73.32235473,0.711427152,0.783482086,0.745718088,0.684952993,131.159255,19.574428
Hidden1,6,100,4000,16,relu,<class 'torch.optim.adam.Adam'>,<class 'torch.nn.modules.loss.CrossEntropyLoss'>,72.42096725,0.714087208,0.795390336,0.752549207,0.695063556,122.192354,18.880493
Hidden1,7,100,4000,16,relu,<class 'torch.optim.adam.Adam'>,<class 'torch.nn.modules.loss.CrossEntropyLoss'>,70.74727517,0.726693939,0.795072066,0.759346771,0.700906338,120.473834,18.738961
Hidden1,8,100,4000,16,relu,<class 'torch.optim.adam.Adam'>,<class 'torch.nn.modules.loss.CrossEntropyLoss'>,68.86440942,0.746833202,0.78908038,0.767375761,0.705981514,120.218564,19.541067
Hidden1,9,100,4000,16,relu,<class 'torch.optim.adam.Adam'>,<class 'torch.nn.modules.loss.CrossEntropyLoss'>,68.06179625,0.743437028,0.801702759,0.771471321,0.713997887,122.82755,19.189292
Hidden1,10,100,4000,16,relu,<class 'torch.optim.adam.Adam'>,<class 'torch.nn.modules.loss.CrossEntropyLoss'>,67.52633592,0.77636983,0.785827411,0.781069992,0.717389613,124.778966,19.503005
Hidden1,1,100,3000,16,relu,<class 'torch.optim.adam.Adam'>,<class 'torch.nn.modules.loss.CrossEntropyLoss'>,85.06610614,0.620887589,0.818798151,0.706239696,0.647556162,95.406405,19.585478
Hidden1,2,100,3000,16,relu,<class 'torch.optim.adam.Adam'>,<class 'torch.nn.modules.loss.CrossEntropyLoss'>,79.29406986,0.703480396,0.794975901,0.746434798,0.673873768,94.06824,19.266512
Hidden1,3,100,3000,16,relu,<class 'torch.optim.adam.Adam'>,<class 'torch.nn.modules.loss.CrossEntropyLoss'>,76.73957771,0.715622345,0.800444672,0.755660649,0.684218662,96.069358,19.398933
Hidden1,4,100,3000,16,relu,<class 'torch.optim.adam.Adam'>,<class 'torch.nn.modules.loss.CrossEntropyLoss'>,74.60618392,0.637963825,0.84670815,0.7276613,0.674154225,101.102892,20.083671
Hidden1,5,100,3000,16,relu,<class 'torch.optim.adam.Adam'>,<class 'torch.nn.modules.loss.CrossEntropyLoss'>,71.78260392,0.749220342,0.799922481,0.773741692,0.701011796,98.631392,19.822071
Hidden1,6,100,3000,16,relu,<class 'torch.optim.adam.Adam'>,<class 'torch.nn.modules.loss.CrossEntropyLoss'>,70.06579137,0.71406419,0.828577476,0.767070561,0.704088204,98.612375,19.884506
Hidden1,7,100,3000,16,relu,<class 'torch.optim.adam.Adam'>,<class 'torch.nn.modules.loss.CrossEntropyLoss'>,69.83734873,0.752874099,0.816149794,0.783236053,0.715650352,97.204677,19.810136
Hidden1,8,100,3000,16,relu,<class 'torch.optim.adam.Adam'>,<class 'torch.nn.modules.loss.CrossEntropyLoss'>,68.50044984,0.755726459,0.817830282,0.78555284,0.718456514,97.864478,19.920159
Hidden1,9,100,3000,16,relu,<class 'torch.optim.adam.Adam'>,<class 'torch.nn.modules.loss.CrossEntropyLoss'>,67.1665538,0.755096902,0.819613947,0.786033769,0.719493662,99.105179,19.895866
Hidden1,10,100,3000,16,relu,<class 'torch.optim.adam.Adam'>,<class 'torch.nn.modules.loss.CrossEntropyLoss'>,66.23888841,0.796845606,0.787155985,0.791971159,0.714356514,97.607603,20.148457
Hidden1,1,100,2000,16,relu,<class 'torch.optim.adam.Adam'>,<class 'torch.nn.modules.loss.CrossEntropyLoss'>,85.16739383,0.63838384,0.813443825,0.71535955,0.649030458,91.048338,17.869318
Hidden1,2,100,2000,16,relu,<class 'torch.optim.adam.Adam'>,<class 'torch.nn.modules.loss.CrossEntropyLoss'>,79.82538915,0.653130369,0.827475798,0.730038258,0.666288028,97.528815,17.760077
Hidden1,3,100,2000,16,relu,<class 'torch.optim.adam.Adam'>,<class 'torch.nn.modules.loss.CrossEntropyLoss'>,77.2237747,0.725762364,0.804287807,0.763010039,0.688534859,94.916704,17.729581
Hidden1,4,100,2000,16,relu,<class 'torch.optim.adam.Adam'>,<class 'torch.nn.modules.loss.CrossEntropyLoss'>,74.63104206,0.732110411,0.813509407,0.770666498,0.69898169,93.693998,17.768732
Hidden1,5,100,2000,16,relu,<class 'torch.optim.adam.Adam'>,<class 'torch.nn.modules.loss.CrossEntropyLoss'>,72.82940134,0.712985233,0.834623998,0.769024343,0.704115669,93.886795,17.876004
Hidden1,6,100,2000,16,relu,<class 'torch.optim.adam.Adam'>,<class 'torch.nn.modules.loss.CrossEntropyLoss'>,71.66269529,0.756546439,0.822235295,0.788024299,0.71881162,96.618109,17.746938
Hidden1,7,100,2000,16,relu,<class 'torch.optim.adam.Adam'>,<class 'torch.nn.modules.loss.CrossEntropyLoss'>,69.78120619,0.749242235,0.829934995,0.787526997,0.720696831,92.278795,18.179005
Hidden1,8,100,2000,16,relu,<class 'torch.optim.adam.Adam'>,<class 'torch.nn.modules.loss.CrossEntropyLoss'>,68.6535224,0.778917759,0.828228262,0.802816537,0.735661092,93.893411,17.758856
Hidden1,9,100,2000,16,relu,<class 'torch.optim.adam.Adam'>,<class 'torch.nn.modules.loss.CrossEntropyLoss'>,67.70605201,0.786708195,0.826795108,0.806253679,0.738789437,95.02654,17.474889
Hidden1,10,100,2000,16,relu,<class 'torch.optim.adam.Adam'>,<class 'torch.nn.modules.loss.CrossEntropyLoss'>,65.63885647,0.781077267,0.839051146,0.809026952,0.745247535,92.780374,17.47803
Hidden1,1,100,4000,16,leaky_relu,<class 'torch.optim.adam.Adam'>,<class 'torch.nn.modules.loss.CrossEntropyLoss'>,82.56307703,0.898972736,0.73874823,0.811022795,0.717755458,115.662423,18.554177
Hidden1,2,100,4000,16,leaky_relu,<class 'torch.optim.adam.Adam'>,<class 'torch.nn.modules.loss.CrossEntropyLoss'>,77.50064164,0.915982042,0.748018535,0.823523206,0.735514789,111.882683,18.089936
Hidden1,3,100,4000,16,leaky_relu,<class 'torch.optim.adam.Adam'>,<class 'torch.nn.modules.loss.CrossEntropyLoss'>,73.80249083,0.904851215,0.754491726,0.822859143,0.737533979,114.240034,18.386316
Hidden1,4,100,4000,16,leaky_relu,<class 'torch.optim.adam.Adam'>,<class 'torch.nn.modules.loss.CrossEntropyLoss'>,72.10191524,0.923474718,0.758260853,0.832752472,0.750097007,114.09355,18.365657
Hidden1,5,100,4000,16,leaky_relu,<class 'torch.optim.adam.Adam'>,<class 'torch.nn.modules.loss.CrossEntropyLoss'>,70.16708097,0.92983534,0.753714799,0.832562856,0.748033099,115.107863,18.810562
Hidden1,6,100,4000,16,leaky_relu,<class 'torch.optim.adam.Adam'>,<class 'torch.nn.modules.loss.CrossEntropyLoss'>,69.4287526,0.915307304,0.766360749,0.834237874,0.75494419,117.515585,18.280102
Hidden1,7,100,4000,16,leaky_relu,<class 'torch.optim.adam.Adam'>,<class 'torch.nn.modules.loss.CrossEntropyLoss'>,67.47769633,0.93835528,0.759832949,0.839710519,0.758651056,113.48993,18.230391
Hidden1,8,100,4000,16,leaky_relu,<class 'torch.optim.adam.Adam'>,<class 'torch.nn.modules.loss.CrossEntropyLoss'>,66.88691601,0.944456407,0.757133816,0.840484241,0.758476937,111.004318,18.36595
Hidden1,9,100,4000,16,leaky_relu,<class 'torch.optim.adam.Adam'>,<class 'torch.nn.modules.loss.CrossEntropyLoss'>,66.16896933,0.938243434,0.762762769,0.841451558,0.761794894,113.158707,19.198263
Hidden1,10,100,4000,16,leaky_relu,<class 'torch.optim.adam.Adam'>,<class 'torch.nn.modules.loss.CrossEntropyLoss'>,64.38246325,0.958827649,0.751349222,0.842502808,0.758484683,115.619458,18.695161
Hidden1,1,100,3000,16,leaky_relu,<class 'torch.optim.adam.Adam'>,<class 'torch.nn.modules.loss.CrossEntropyLoss'>,82.99615663,0.900597803,0.736194097,0.810139379,0.718820599,99.670126,19.496237
Hidden1,2,100,3000,16,leaky_relu,<class 'torch.optim.adam.Adam'>,<class 'torch.nn.modules.loss.CrossEntropyLoss'>,76.99998489,0.832763317,0.765477488,0.797704038,0.718651585,97.796964,19.30253
Hidden1,3,100,3000,16,leaky_relu,<class 'torch.optim.adam.Adam'>,<class 'torch.nn.modules.loss.CrossEntropyLoss'>,74.62982712,0.884117639,0.761670026,0.818338744,0.738533099,100.468859,19.987365
Hidden1,4,100,3000,16,leaky_relu,<class 'torch.optim.adam.Adam'>,<class 'torch.nn.modules.loss.CrossEntropyLoss'>,72.35118368,0.910604363,0.757383099,0.826956281,0.746148063,100.051863,19.265548
Hidden1,5,100,3000,16,leaky_relu,<class 'torch.optim.adam.Adam'>,<class 'torch.nn.modules.loss.CrossEntropyLoss'>,70.13675317,0.943086038,0.749224462,0.835051404,0.751821479,101.774123,19.93305
Hidden1,6,100,3000,16,leaky_relu,<class 'torch.optim.adam.Adam'>,<class 'torch.nn.modules.loss.CrossEntropyLoss'>,69.58054322,0.816838984,0.797894175,0.807255445,0.740172535,95.516914,19.260534
Hidden1,7,100,3000,16,leaky_relu,<class 'torch.optim.adam.Adam'>,<class 'torch.nn.modules.loss.CrossEntropyLoss'>,68.11451942,0.955325441,0.747937038,0.839005484,0.755783451,95.846574,19.210598
Hidden1,8,100,3000,16,leaky_relu,<class 'torch.optim.adam.Adam'>,<class 'torch.nn.modules.loss.CrossEntropyLoss'>,66.38647079,0.95018948,0.754313364,0.840996688,0.760668662,98.837477,19.379444
Hidden1,9,100,3000,16,leaky_relu,<class 'torch.optim.adam.Adam'>,<class 'torch.nn.modules.loss.CrossEntropyLoss'>,65.32512489,0.954851014,0.755501741,0.843558852,0.764088732,103.379099,19.953341
Hidden1,10,100,3000,16,leaky_relu,<class 'torch.optim.adam.Adam'>,<class 'torch.nn.modules.loss.CrossEntropyLoss'>,64.51524922,0.931486516,0.774206417,0.845595153,0.773403873,99.782778,19.397841
Hidden1,1,100,2000,16,leaky_relu,<class 'torch.optim.adam.Adam'>,<class 'torch.nn.modules.loss.CrossEntropyLoss'>,83.46103746,0.892023871,0.744704067,0.811733935,0.717633451,87.850239,23.185571
Hidden1,2,100,2000,16,leaky_relu,<class 'torch.optim.adam.Adam'>,<class 'torch.nn.modules.loss.CrossEntropyLoss'>,76.91111723,0.889889776,0.769401118,0.825270832,0.742851761,95.453581,23.614182
Hidden1,3,100,2000,16,leaky_relu,<class 'torch.optim.adam.Adam'>,<class 'torch.nn.modules.loss.CrossEntropyLoss'>,73.73595333,0.890265668,0.785573678,0.834649547,0.759287148,95.042212,23.513846
Hidden1,4,100,2000,16,leaky_relu,<class 'torch.optim.adam.Adam'>,<class 'torch.nn.modules.loss.CrossEntropyLoss'>,70.96105739,0.950977731,0.760638225,0.845224668,0.762327817,93.75664,23.216094
Hidden1,5,100,2000,16,leaky_relu,<class 'torch.optim.adam.Adam'>,<class 'torch.nn.modules.loss.CrossEntropyLoss'>,69.37879464,0.917627078,0.786201142,0.846845296,0.773498592,94.529987,23.187805
Hidden1,6,100,2000,16,leaky_relu,<class 'torch.optim.adam.Adam'>,<class 'torch.nn.modules.loss.CrossEntropyLoss'>,67.72019285,0.832875229,0.819102421,0.825931412,0.760428697,99.92726,22.426813
Hidden1,7,100,2000,16,leaky_relu,<class 'torch.optim.adam.Adam'>,<class 'torch.nn.modules.loss.CrossEntropyLoss'>,66.30899331,0.916907802,0.794014575,0.851047562,0.780972887,97.936145,23.199742
Hidden1,8,100,2000,16,leaky_relu,<class 'torch.optim.adam.Adam'>,<class 'torch.nn.modules.loss.CrossEntropyLoss'>,65.48674539,0.824849411,0.825416921,0.825133069,0.761418486,93.374865,23.213947
Hidden1,9,100,2000,16,leaky_relu,<class 'torch.optim.adam.Adam'>,<class 'torch.nn.modules.loss.CrossEntropyLoss'>,64.98146009,0.88952085,0.812065985,0.849030576,0.784126056,90.757744,22.937855
Hidden1,10,100,2000,16,leaky_relu,<class 'torch.optim.adam.Adam'>,<class 'torch.nn.modules.loss.CrossEntropyLoss'>,64.04419667,0.932896745,0.795876252,0.858956458,0.790928873,91.823635,24.283309
Hidden2,1,100,4000,16,relu,<class 'torch.optim.adam.Adam'>,<class 'torch.nn.modules.loss.CrossEntropyLoss'>,85.02593598,0.618928079,0.781536508,0.690792033,0.630139965,124.23504,18.635331
Hidden2,2,100,4000,16,relu,<class 'torch.optim.adam.Adam'>,<class 'torch.nn.modules.loss.CrossEntropyLoss'>,81.95875865,0.633144842,0.78805975,0.702159237,0.641453521,120.812487,18.741317
Hidden2,3,100,4000,16,relu,<class 'torch.optim.adam.Adam'>,<class 'torch.nn.modules.loss.CrossEntropyLoss'>,79.54877195,0.659094134,0.779636301,0.714315483,0.648084859,118.784343,19.066023
Hidden2,4,100,4000,16,relu,<class 'torch.optim.adam.Adam'>,<class 'torch.nn.modules.loss.CrossEntropyLoss'>,81.117771,0.65270143,0.798047581,0.71809361,0.657916373,119.377719,19.412283
Hidden2,5,100,4000,16,relu,<class 'torch.optim.adam.Adam'>,<class 'torch.nn.modules.loss.CrossEntropyLoss'>,78.6407997,0.682327885,0.787419144,0.731116347,0.664984507,121.460982,18.314579
Hidden2,6,100,4000,16,relu,<class 'torch.optim.adam.Adam'>,<class 'torch.nn.modules.loss.CrossEntropyLoss'>,75.97772524,0.667905399,0.806223056,0.730575046,0.671162148,123.936059,19.220115
Hidden2,7,100,4000,16,relu,<class 'torch.optim.adam.Adam'>,<class 'torch.nn.modules.loss.CrossEntropyLoss'>,74.95409125,0.665499761,0.809923879,0.730643231,0.672460035,119.845145,19.17324
Hidden2,8,100,4000,16,relu,<class 'torch.optim.adam.Adam'>,<class 'torch.nn.modules.loss.CrossEntropyLoss'>,74.234193,0.691204296,0.791182211,0.737821804,0.672097007,118.603946,18.970555
Hidden2,9,100,4000,16,relu,<class 'torch.optim.adam.Adam'>,<class 'torch.nn.modules.loss.CrossEntropyLoss'>,73.58284006,0.69490546,0.789355092,0.739125166,0.672558451,119.529845,19.213577
Hidden2,10,100,4000,16,relu,<class 'torch.optim.adam.Adam'>,<class 'torch.nn.modules.loss.CrossEntropyLoss'>,71.86374012,0.684230821,0.803880289,0.739245432,0.677789437,121.612941,19.54091
Hidden2,1,100,3000,16,relu,<class 'torch.optim.adam.Adam'>,<class 'torch.nn.modules.loss.CrossEntropyLoss'>,85.39296433,0.617940122,0.792444123,0.694396608,0.635710211,103.405021,17.796808
Hidden2,2,100,3000,16,relu,<class 'torch.optim.adam.Adam'>,<class 'torch.nn.modules.loss.CrossEntropyLoss'>,81.17151299,0.63154887,0.795153815,0.70397077,0.644256514,107.899221,17.696141
Hidden2,3,100,3000,16,relu,<class 'torch.optim.adam.Adam'>,<class 'torch.nn.modules.loss.CrossEntropyLoss'>,79.14205596,0.641516685,0.804090954,0.713662199,0.655218486,109.205187,17.57717
Hidden2,4,100,3000,16,relu,<class 'torch.optim.adam.Adam'>,<class 'torch.nn.modules.loss.CrossEntropyLoss'>,78.34601292,0.665916014,0.793480218,0.724122993,0.660161444,108.682019,17.690038
Hidden2,5,100,3000,16,relu,<class 'torch.optim.adam.Adam'>,<class 'torch.nn.modules.loss.CrossEntropyLoss'>,75.42462617,0.652641892,0.813208664,0.724131173,0.666949296,110.244903,17.982286
Hidden2,6,100,3000,16,relu,<class 'torch.optim.adam.Adam'>,<class 'torch.nn.modules.loss.CrossEntropyLoss'>,73.88875917,0.679139403,0.795819227,0.732864209,0.668397711,109.9008,18.000297
Hidden2,7,100,3000,16,relu,<class 'torch.optim.adam.Adam'>,<class 'torch.nn.modules.loss.CrossEntropyLoss'>,73.97396755,0.630028989,0.818081469,0.711844926,0.658373592,107.805576,17.43518
Hidden2,8,100,3000,16,relu,<class 'torch.optim.adam.Adam'>,<class 'torch.nn.modules.loss.CrossEntropyLoss'>,73.33009085,0.671033982,0.812861788,0.735170075,0.676202289,106.497651,17.921126
Hidden2,9,100,3000,16,relu,<class 'torch.optim.adam.Adam'>,<class 'torch.nn.modules.loss.CrossEntropyLoss'>,71.78900385,0.672759686,0.81516274,0.737146802,0.67865669,105.348551,17.601877
Hidden2,10,100,3000,16,relu,<class 'torch.optim.adam.Adam'>,<class 'torch.nn.modules.loss.CrossEntropyLoss'>,70.66603276,0.646845208,0.835762412,0.729267682,0.678335211,108.225403,17.847092
Hidden2,1,100,2000,16,relu,<class 'torch.optim.adam.Adam'>,<class 'torch.nn.modules.loss.CrossEntropyLoss'>,85.22848862,0.649887435,0.790566223,0.713357284,0.655813204,89.427127,21.306032
Hidden2,2,100,2000,16,relu,<class 'torch.optim.adam.Adam'>,<class 'torch.nn.modules.loss.CrossEntropyLoss'>,80.470013,0.670450438,0.794197107,0.727096154,0.668329577,97.472265,21.12683
Hidden2,3,100,2000,16,relu,<class 'torch.optim.adam.Adam'>,<class 'torch.nn.modules.loss.CrossEntropyLoss'>,79.34310532,0.666912002,0.800376724,0.727574381,0.670874648,96.56422,21.116913
Hidden2,4,100,2000,16,relu,<class 'torch.optim.adam.Adam'>,<class 'torch.nn.modules.loss.CrossEntropyLoss'>,77.1725148,0.670320602,0.810230266,0.733664815,0.679272887,96.785673,20.935175
Hidden2,5,100,2000,16,relu,<class 'torch.optim.adam.Adam'>,<class 'torch.nn.modules.loss.CrossEntropyLoss'>,75.72506884,0.71082708,0.785483937,0.746293046,0.681500176,98.21074,21.646827
Hidden2,6,100,2000,16,relu,<class 'torch.optim.adam.Adam'>,<class 'torch.nn.modules.loss.CrossEntropyLoss'>,74.02874625,0.700548651,0.807868019,0.750390608,0.69286162,102.303058,22.346048
Hidden2,7,100,2000,16,relu,<class 'torch.optim.adam.Adam'>,<class 'torch.nn.modules.loss.CrossEntropyLoss'>,73.76468775,0.731749136,0.781400672,0.755760287,0.688314437,92.577329,21.088911
Hidden2,8,100,2000,16,relu,<class 'torch.optim.adam.Adam'>,<class 'torch.nn.modules.loss.CrossEntropyLoss'>,73.22923383,0.680079686,0.830524041,0.747810321,0.697714085,97.054825,21.112741
Hidden2,9,100,2000,16,relu,<class 'torch.optim.adam.Adam'>,<class 'torch.nn.modules.loss.CrossEntropyLoss'>,71.57929897,0.703776923,0.824653491,0.75943542,0.706168662,95.883005,22.57863
Hidden2,10,100,2000,16,relu,<class 'torch.optim.adam.Adam'>,<class 'torch.nn.modules.loss.CrossEntropyLoss'>,70.86213937,0.704108193,0.831400048,0.762477946,0.710906514,96.946073,21.226185
Hidden2,1,100,4000,16,leaky_relu,<class 'torch.optim.adam.Adam'>,<class 'torch.nn.modules.loss.CrossEntropyLoss'>,82.45701963,0.909227763,0.737851995,0.814624204,0.720566549,126.412564,18.626657
Hidden2,2,100,4000,16,leaky_relu,<class 'torch.optim.adam.Adam'>,<class 'torch.nn.modules.loss.CrossEntropyLoss'>,79.53732583,0.897144769,0.744447605,0.813694417,0.722580458,126.181281,19.086983
Hidden2,3,100,4000,16,leaky_relu,<class 'torch.optim.adam.Adam'>,<class 'torch.nn.modules.loss.CrossEntropyLoss'>,77.46389091,0.895760354,0.752852225,0.818112374,0.731037324,126.444041,19.122951
Hidden2,4,100,4000,16,leaky_relu,<class 'torch.optim.adam.Adam'>,<class 'torch.nn.modules.loss.CrossEntropyLoss'>,74.76965177,0.972329696,0.722741236,0.829160306,0.729433627,119.866318,19.232841
Hidden2,5,100,4000,16,leaky_relu,<class 'torch.optim.adam.Adam'>,<class 'torch.nn.modules.loss.CrossEntropyLoss'>,73.57330275,0.900166755,0.774222888,0.832458213,0.755322711,128.835712,18.960854
Hidden2,6,100,4000,16,leaky_relu,<class 'torch.optim.adam.Adam'>,<class 'torch.nn.modules.loss.CrossEntropyLoss'>,73.68586004,0.908616899,0.771525865,0.83447842,0.756594542,121.606269,19.099446
Hidden2,7,100,4000,16,leaky_relu,<class 'torch.optim.adam.Adam'>,<class 'torch.nn.modules.loss.CrossEntropyLoss'>,71.5223968,0.943626165,0.756382952,0.839692843,0.756699824,126.425833,18.91644
Hidden2,8,100,4000,16,leaky_relu,<class 'torch.optim.adam.Adam'>,<class 'torch.nn.modules.loss.CrossEntropyLoss'>,83.12469348,0.917487582,0.736145941,0.81687357,0.722216549,129.700786,19.882794
Hidden2,9,100,4000,16,leaky_relu,<class 'torch.optim.adam.Adam'>,<class 'torch.nn.modules.loss.CrossEntropyLoss'>,76.80135813,0.848092689,0.778415987,0.811761926,0.734397535,125.342099,19.5435
Hidden2,10,100,4000,16,leaky_relu,<class 'torch.optim.adam.Adam'>,<class 'torch.nn.modules.loss.CrossEntropyLoss'>,75.66712564,0.895863077,0.755707283,0.819838219,0.734119718,126.781605,20.098706
Hidden2,1,100,3000,16,leaky_relu,<class 'torch.optim.adam.Adam'>,<class 'torch.nn.modules.loss.CrossEntropyLoss'>,82.37862137,0.907881001,0.731155067,0.809990466,0.713583275,103.842827,18.241453
Hidden2,2,100,3000,16,leaky_relu,<class 'torch.optim.adam.Adam'>,<class 'torch.nn.modules.loss.CrossEntropyLoss'>,78.7608785,0.939538013,0.729680884,0.821417645,0.725297359,105.869829,18.286068
Hidden2,3,100,3000,16,leaky_relu,<class 'torch.optim.adam.Adam'>,<class 'torch.nn.modules.loss.CrossEntropyLoss'>,76.59191892,0.942766552,0.740190689,0.829286695,0.738999824,110.880568,18.435279
Hidden2,4,100,3000,16,leaky_relu,<class 'torch.optim.adam.Adam'>,<class 'torch.nn.modules.loss.CrossEntropyLoss'>,74.25146669,0.894488496,0.771839673,0.828650348,0.751251408,104.631412,18.390698
Hidden2,5,100,3000,16,leaky_relu,<class 'torch.optim.adam.Adam'>,<class 'torch.nn.modules.loss.CrossEntropyLoss'>,71.78206289,0.952161283,0.752325818,0.840529114,0.757052113,105.288917,18.426343
Hidden2,6,100,3000,16,leaky_relu,<class 'torch.optim.adam.Adam'>,<class 'torch.nn.modules.loss.CrossEntropyLoss'>,82.24042316,0.830072983,0.7852279,0.807027931,0.733070775,107.083598,18.18143
Hidden2,7,100,3000,16,leaky_relu,<class 'torch.optim.adam.Adam'>,<class 'torch.nn.modules.loss.CrossEntropyLoss'>,75.9354127,0.851760039,0.770514727,0.809102956,0.729736972,107.135239,18.569081
Hidden2,8,100,3000,16,leaky_relu,<class 'torch.optim.adam.Adam'>,<class 'torch.nn.modules.loss.CrossEntropyLoss'>,73.23209742,0.933868499,0.762412904,0.839475565,0.759844366,110.145669,18.489379
Hidden2,9,100,3000,16,leaky_relu,<class 'torch.optim.adam.Adam'>,<class 'torch.nn.modules.loss.CrossEntropyLoss'>,71.12664151,0.941765865,0.76050619,0.841485669,0.76141743,106.674925,18.170138
Hidden2,10,100,3000,16,leaky_relu,<class 'torch.optim.adam.Adam'>,<class 'torch.nn.modules.loss.CrossEntropyLoss'>,70.16156921,0.91846467,0.772047732,0.838915544,0.762823415,103.971825,18.43926
Hidden2,1,100,2000,16,leaky_relu,<class 'torch.optim.adam.Adam'>,<class 'torch.nn.modules.loss.CrossEntropyLoss'>,82.34553024,0.91878755,0.746452998,0.823702884,0.7317,91.265953,23.756587
Hidden2,2,100,2000,16,leaky_relu,<class 'torch.optim.adam.Adam'>,<class 'torch.nn.modules.loss.CrossEntropyLoss'>,77.7986528,0.941890162,0.749200534,0.834567435,0.745263732,96.212188,24.769019
Hidden2,3,100,2000,16,leaky_relu,<class 'torch.optim.adam.Adam'>,<class 'torch.nn.modules.loss.CrossEntropyLoss'>,75.3414219,0.791832869,0.803858381,0.797800311,0.726189085,98.027206,24.266283
Hidden2,4,100,2000,16,leaky_relu,<class 'torch.optim.adam.Adam'>,<class 'torch.nn.modules.loss.CrossEntropyLoss'>,72.35812081,0.923026479,0.767282309,0.8379793,0.756509331,98.88268,24.153509
Hidden2,5,100,2000,16,leaky_relu,<class 'torch.optim.adam.Adam'>,<class 'torch.nn.modules.loss.CrossEntropyLoss'>,71.08808222,0.949992774,0.763805282,0.846785298,0.76548081,97.610098,25.598559
Hidden2,6,100,2000,16,leaky_relu,<class 'torch.optim.adam.Adam'>,<class 'torch.nn.modules.loss.CrossEntropyLoss'>,70.08174592,0.961307938,0.750921749,0.84318949,0.756082218,97.293864,24.587061
Hidden2,7,100,2000,16,leaky_relu,<class 'torch.optim.adam.Adam'>,<class 'torch.nn.modules.loss.CrossEntropyLoss'>,68.81855473,0.934277898,0.775889543,0.847749097,0.771071655,94.576398,24.454007
Hidden2,8,100,2000,16,leaky_relu,<class 'torch.optim.adam.Adam'>,<class 'torch.nn.modules.loss.CrossEntropyLoss'>,67.3046245,0.877881955,0.806543985,0.840702335,0.773047887,101.175579,24.59108
Hidden2,9,100,2000,16,leaky_relu,<class 'torch.optim.adam.Adam'>,<class 'torch.nn.modules.loss.CrossEntropyLoss'>,65.71944398,0.87827475,0.810338333,0.84293993,0.77672993,99.020089,25.009504
Hidden2,10,100,2000,16,leaky_relu,<class 'torch.optim.adam.Adam'>,<class 'torch.nn.modules.loss.CrossEntropyLoss'>,64.5402324,0.887466708,0.803396607,0.843341665,0.775077465,101.015892,24.810766
Conv1,1,100,4000,16,relu,<class 'torch.optim.adam.Adam'>,<class 'torch.nn.modules.loss.CrossEntropyLoss'>,81.3785589,0.935742016,0.736130617,0.824020124,0.732490141,135.778832,18.249835
Conv1,2,100,4000,16,relu,<class 'torch.optim.adam.Adam'>,<class 'torch.nn.modules.loss.CrossEntropyLoss'>,74.14754242,0.946628487,0.746704731,0.834864588,0.749353169,126.673207,18.702333
Conv1,3,100,4000,16,relu,<class 'torch.optim.adam.Adam'>,<class 'torch.nn.modules.loss.CrossEntropyLoss'>,69.69738752,0.927145052,0.765009766,0.838309842,0.760621479,133.266333,18.246983
Conv1,4,100,4000,16,relu,<class 'torch.optim.adam.Adam'>,<class 'torch.nn.modules.loss.CrossEntropyLoss'>,65.66006115,0.973704859,0.730050557,0.83445519,0.741417958,130.294891,18.551512
Conv1,5,100,4000,16,relu,<class 'torch.optim.adam.Adam'>,<class 'torch.nn.modules.loss.CrossEntropyLoss'>,61.73386748,0.92165197,0.78151122,0.84581602,0.775100352,133.079944,18.488727
Conv1,6,100,4000,16,relu,<class 'torch.optim.adam.Adam'>,<class 'torch.nn.modules.loss.CrossEntropyLoss'>,57.57472754,0.883351645,0.804880241,0.842292212,0.778597535,126.991163,18.835492
Conv1,7,100,4000,16,relu,<class 'torch.optim.adam.Adam'>,<class 'torch.nn.modules.loss.CrossEntropyLoss'>,54.69058433,0.879243473,0.813307182,0.844990995,0.784090141,130.640917,18.608229
Conv1,8,100,4000,16,relu,<class 'torch.optim.adam.Adam'>,<class 'torch.nn.modules.loss.CrossEntropyLoss'>,51.19334206,0.868172874,0.82181809,0.844359749,0.785780458,129.487628,18.827335
Conv1,9,100,4000,16,relu,<class 'torch.optim.adam.Adam'>,<class 'torch.nn.modules.loss.CrossEntropyLoss'>,48.43615687,0.87998709,0.815673455,0.846610617,0.786574472,129.859036,18.24904
Conv1,10,100,4000,16,relu,<class 'torch.optim.adam.Adam'>,<class 'torch.nn.modules.loss.CrossEntropyLoss'>,45.49611637,0.879676702,0.81534818,0.846291763,0.786125704,125.603711,19.463188
Conv1,1,100,3000,16,relu,<class 'torch.optim.adam.Adam'>,<class 'torch.nn.modules.loss.CrossEntropyLoss'>,80.34700611,0.93097665,0.73045092,0.818612575,0.72702588,108.75922,19.462729
Conv1,2,100,3000,16,relu,<class 'torch.optim.adam.Adam'>,<class 'torch.nn.modules.loss.CrossEntropyLoss'>,71.85985032,0.841759767,0.80271764,0.821775247,0.758422183,108.894443,20.190825
Conv1,3,100,3000,16,relu,<class 'torch.optim.adam.Adam'>,<class 'torch.nn.modules.loss.CrossEntropyLoss'>,68.89728848,0.936032616,0.766094695,0.842580478,0.768584683,110.554177,20.336768
Conv1,4,100,3000,16,relu,<class 'torch.optim.adam.Adam'>,<class 'torch.nn.modules.loss.CrossEntropyLoss'>,65.86187819,0.920659029,0.77976623,0.844375625,0.775459507,113.902701,19.978614
Conv1,5,100,3000,16,relu,<class 'torch.optim.adam.Adam'>,<class 'torch.nn.modules.loss.CrossEntropyLoss'>,64.43983561,0.925785243,0.784315118,0.849198537,0.782449296,106.468866,19.883266
Conv1,6,100,3000,16,relu,<class 'torch.optim.adam.Adam'>,<class 'torch.nn.modules.loss.CrossEntropyLoss'>,62.17305246,0.91138102,0.799111179,0.851561629,0.789775176,111.651199,20.522971
Conv1,7,100,3000,16,relu,<class 'torch.optim.adam.Adam'>,<class 'torch.nn.modules.loss.CrossEntropyLoss'>,59.73051718,0.926899626,0.800777786,0.859235209,0.799058979,113.533352,20.171764
Conv1,8,100,3000,16,relu,<class 'torch.optim.adam.Adam'>,<class 'torch.nn.modules.loss.CrossEntropyLoss'>,56.26487026,0.910732028,0.807212537,0.855853356,0.797021655,113.065296,20.423582
Conv1,9,100,3000,16,relu,<class 'torch.optim.adam.Adam'>,<class 'torch.nn.modules.loss.CrossEntropyLoss'>,54.22335356,0.841839062,0.853231268,0.847496883,0.799541901,110.165543,19.79573
Conv1,10,100,3000,16,relu,<class 'torch.optim.adam.Adam'>,<class 'torch.nn.modules.loss.CrossEntropyLoss'>,53.23539603,0.894910879,0.828518041,0.860435612,0.807916549,109.040617,20.460335
Conv1,1,100,2000,16,relu,<class 'torch.optim.adam.Adam'>,<class 'torch.nn.modules.loss.CrossEntropyLoss'>,79.45442176,0.881467625,0.775877358,0.825308888,0.748285915,97.472176,18.871721
Conv1,2,100,2000,16,relu,<class 'torch.optim.adam.Adam'>,<class 'torch.nn.modules.loss.CrossEntropyLoss'>,73.22418407,0.874830483,0.789337781,0.82988814,0.758072183,99.016483,18.092131
Conv1,3,100,2000,16,relu,<class 'torch.optim.adam.Adam'>,<class 'torch.nn.modules.loss.CrossEntropyLoss'>,69.55648857,0.900255463,0.791030236,0.842115903,0.772291549,106.699949,19.741279
Conv1,4,100,2000,16,relu,<class 'torch.optim.adam.Adam'>,<class 'torch.nn.modules.loss.CrossEntropyLoss'>,65.90949395,0.898813196,0.806804687,0.85032727,0.786561444,104.22703,18.116173
Conv1,5,100,2000,16,relu,<class 'torch.optim.adam.Adam'>,<class 'torch.nn.modules.loss.CrossEntropyLoss'>,62.28201813,0.865069211,0.837353803,0.850985904,0.795636796,104.248772,19.813818
Conv1,6,100,2000,16,relu,<class 'torch.optim.adam.Adam'>,<class 'torch.nn.modules.loss.CrossEntropyLoss'>,60.03502265,0.915067019,0.807482999,0.857915361,0.795542782,109.581929,19.574456
Conv1,7,100,2000,16,relu,<class 'torch.optim.adam.Adam'>,<class 'torch.nn.modules.loss.CrossEntropyLoss'>,58.644299,0.866547757,0.839115471,0.852611016,0.797905986,106.130723,18.615703
Conv1,8,100,2000,16,relu,<class 'torch.optim.adam.Adam'>,<class 'torch.nn.modules.loss.CrossEntropyLoss'>,56.69688827,0.914537457,0.819198925,0.864246848,0.806197007,113.286466,20.05053
Conv1,9,100,2000,16,relu,<class 'torch.optim.adam.Adam'>,<class 'torch.nn.modules.loss.CrossEntropyLoss'>,55.10430935,0.93078371,0.803125242,0.86225507,0.799397887,112.221207,19.177149
Conv1,10,100,2000,16,relu,<class 'torch.optim.adam.Adam'>,<class 'torch.nn.modules.loss.CrossEntropyLoss'>,54.0036644,0.912419731,0.825177214,0.866608305,0.810526937,110.753463,19.071844
Conv1,1,100,4000,16,leaky_relu,<class 'torch.optim.adam.Adam'>,<class 'torch.nn.modules.loss.CrossEntropyLoss'>,85.35933927,0.873700153,0.720428805,0.789696159,0.688259507,128.029724,25.410647
Conv1,2,100,4000,16,leaky_relu,<class 'torch.optim.adam.Adam'>,<class 'torch.nn.modules.loss.CrossEntropyLoss'>,82.38114506,0.919339596,0.741578045,0.820946257,0.73134912,125.078907,24.33732
Conv1,3,100,4000,16,leaky_relu,<class 'torch.optim.adam.Adam'>,<class 'torch.nn.modules.loss.CrossEntropyLoss'>,75.99083076,0.93623261,0.755011154,0.835912692,0.753769718,125.178983,24.998218
Conv1,4,100,4000,16,leaky_relu,<class 'torch.optim.adam.Adam'>,<class 'torch.nn.modules.loss.CrossEntropyLoss'>,72.96071044,0.907838081,0.77856808,0.838248541,0.765292254,126.587539,24.961082
Conv1,5,100,4000,16,leaky_relu,<class 'torch.optim.adam.Adam'>,<class 'torch.nn.modules.loss.CrossEntropyLoss'>,68.80483311,0.903322782,0.793281023,0.844733248,0.77754331,128.270863,24.535554
Conv1,6,100,4000,16,leaky_relu,<class 'torch.optim.adam.Adam'>,<class 'torch.nn.modules.loss.CrossEntropyLoss'>,63.90208381,0.888170869,0.800779419,0.842214194,0.777061268,123.769047,25.257349
Conv1,7,100,4000,16,leaky_relu,<class 'torch.optim.adam.Adam'>,<class 'torch.nn.modules.loss.CrossEntropyLoss'>,60.3147848,0.902001648,0.804018295,0.850196189,0.787061268,129.950369,24.985537
Conv1,8,100,4000,16,leaky_relu,<class 'torch.optim.adam.Adam'>,<class 'torch.nn.modules.loss.CrossEntropyLoss'>,56.67810011,0.908177366,0.801251007,0.851370014,0.787576585,127.796894,25.878581
Conv1,9,100,4000,16,leaky_relu,<class 'torch.optim.adam.Adam'>,<class 'torch.nn.modules.loss.CrossEntropyLoss'>,54.13956439,0.901734373,0.813717304,0.855467831,0.795881162,129.780746,24.837663
Conv1,10,100,4000,16,leaky_relu,<class 'torch.optim.adam.Adam'>,<class 'torch.nn.modules.loss.CrossEntropyLoss'>,50.61271563,0.955051742,0.779472769,0.858375677,0.788879225,127.839548,25.269147
Conv1,1,100,3000,16,leaky_relu,<class 'torch.optim.adam.Adam'>,<class 'torch.nn.modules.loss.CrossEntropyLoss'>,82.95251805,0.953552103,0.7101045,0.814016112,0.710355634,108.124835,20.702698
Conv1,2,100,3000,16,leaky_relu,<class 'torch.optim.adam.Adam'>,<class 'torch.nn.modules.loss.CrossEntropyLoss'>,78.55978319,0.920336214,0.730317368,0.814389559,0.721134331,106.99405,20.859346
Conv1,3,100,3000,16,leaky_relu,<class 'torch.optim.adam.Adam'>,<class 'torch.nn.modules.loss.CrossEntropyLoss'>,76.30562294,0.951841953,0.737540195,0.831098755,0.742828169,107.911261,20.7935
Conv1,4,100,3000,16,leaky_relu,<class 'torch.optim.adam.Adam'>,<class 'torch.nn.modules.loss.CrossEntropyLoss'>,73.04678604,0.851195264,0.78943649,0.819153475,0.750165493,107.801238,20.953059
Conv1,5,100,3000,16,leaky_relu,<class 'torch.optim.adam.Adam'>,<class 'torch.nn.modules.loss.CrossEntropyLoss'>,70.58288336,0.906407645,0.779406135,0.838123033,0.767255634,115.698018,21.362571
Conv1,6,100,3000,16,leaky_relu,<class 'torch.optim.adam.Adam'>,<class 'torch.nn.modules.loss.CrossEntropyLoss'>,67.46128047,0.93280174,0.770649664,0.844008048,0.770795423,110.10666,21.483315
Conv1,7,100,3000,16,leaky_relu,<class 'torch.optim.adam.Adam'>,<class 'torch.nn.modules.loss.CrossEntropyLoss'>,67.29286262,0.924536767,0.77833845,0.845161768,0.774814261,112.069133,21.054303
Conv1,8,100,3000,16,leaky_relu,<class 'torch.optim.adam.Adam'>,<class 'torch.nn.modules.loss.CrossEntropyLoss'>,64.38734311,0.874096226,0.804491015,0.837850476,0.775101408,111.409212,21.775204
Conv1,9,100,3000,16,leaky_relu,<class 'torch.optim.adam.Adam'>,<class 'torch.nn.modules.loss.CrossEntropyLoss'>,61.58780056,0.8940568,0.806193175,0.847854728,0.786705106,111.093751,21.70812
Conv1,10,100,3000,16,leaky_relu,<class 'torch.optim.adam.Adam'>,<class 'torch.nn.modules.loss.CrossEntropyLoss'>,58.66997275,0.932072073,0.785714413,0.852658311,0.785869542,111.152018,21.111017
Conv1,1,100,2000,16,leaky_relu,<class 'torch.optim.adam.Adam'>,<class 'torch.nn.modules.loss.CrossEntropyLoss'>,81.5078094,0.880261426,0.74377271,0.806281607,0.716748239,96.021021,18.645778
Conv1,2,100,2000,16,leaky_relu,<class 'torch.optim.adam.Adam'>,<class 'torch.nn.modules.loss.CrossEntropyLoss'>,78.00681814,0.917309193,0.733756571,0.815329907,0.721736796,104.134094,18.721877
Conv1,3,100,2000,16,leaky_relu,<class 'torch.optim.adam.Adam'>,<class 'torch.nn.modules.loss.CrossEntropyLoss'>,77.13777807,0.817596368,0.79856814,0.807970238,0.739751056,105.624213,18.567227
Conv1,4,100,2000,16,leaky_relu,<class 'torch.optim.adam.Adam'>,<class 'torch.nn.modules.loss.CrossEntropyLoss'>,71.81721637,0.984461575,0.715353415,0.828605412,0.727275,101.734108,18.983466
Conv1,5,100,2000,16,leaky_relu,<class 'torch.optim.adam.Adam'>,<class 'torch.nn.modules.loss.CrossEntropyLoss'>,68.89512104,0.937447205,0.778330376,0.850510746,0.779324648,103.939345,19.465224
Conv1,6,100,2000,16,leaky_relu,<class 'torch.optim.adam.Adam'>,<class 'torch.nn.modules.loss.CrossEntropyLoss'>,66.33945724,0.897196684,0.806763558,0.849580373,0.787252465,102.623108,18.886362
Conv1,7,100,2000,16,leaky_relu,<class 'torch.optim.adam.Adam'>,<class 'torch.nn.modules.loss.CrossEntropyLoss'>,64.49417087,0.925414666,0.800600921,0.858494952,0.795709859,102.878103,19.53983
Conv1,8,100,2000,16,leaky_relu,<class 'torch.optim.adam.Adam'>,<class 'torch.nn.modules.loss.CrossEntropyLoss'>,62.37941539,0.946233085,0.791524468,0.861992098,0.797102993,107.740929,18.699328
Conv1,9,100,2000,16,leaky_relu,<class 'torch.optim.adam.Adam'>,<class 'torch.nn.modules.loss.CrossEntropyLoss'>,60.23268485,0.909871246,0.820259148,0.862744467,0.806132746,106.565926,19.222336
Conv1,10,100,2000,16,leaky_relu,<class 'torch.optim.adam.Adam'>,<class 'torch.nn.modules.loss.CrossEntropyLoss'>,57.5360058,0.904665655,0.827507734,0.864368234,0.809880106,106.628776,18.760853
Conv2,1,100,4000,16,relu,<class 'torch.optim.adam.Adam'>,<class 'torch.nn.modules.loss.CrossEntropyLoss'>,79.92657965,0.948027946,0.726752688,0.82277266,0.729482746,130.29975,20.682017
Conv2,2,100,4000,16,relu,<class 'torch.optim.adam.Adam'>,<class 'torch.nn.modules.loss.CrossEntropyLoss'>,74.47376758,0.87776152,0.775404924,0.823414493,0.750634683,130.880131,20.081026
Conv2,3,100,4000,16,relu,<class 'torch.optim.adam.Adam'>,<class 'torch.nn.modules.loss.CrossEntropyLoss'>,71.68518254,0.906405968,0.771755728,0.833678899,0.760451056,133.405763,20.953079
Conv2,4,100,4000,16,relu,<class 'torch.optim.adam.Adam'>,<class 'torch.nn.modules.loss.CrossEntropyLoss'>,68.42522591,0.925182241,0.760587638,0.834849625,0.757550352,133.637187,20.39179
Conv2,5,100,4000,16,relu,<class 'torch.optim.adam.Adam'>,<class 'torch.nn.modules.loss.CrossEntropyLoss'>,65.45295092,0.911363712,0.783304982,0.842495927,0.774296303,130.891206,20.727945
Conv2,6,100,4000,16,relu,<class 'torch.optim.adam.Adam'>,<class 'torch.nn.modules.loss.CrossEntropyLoss'>,63.05381778,0.896173909,0.792682947,0.841257532,0.775983803,133.126484,20.623445
Conv2,7,100,4000,16,relu,<class 'torch.optim.adam.Adam'>,<class 'torch.nn.modules.loss.CrossEntropyLoss'>,59.64890712,0.928045463,0.777470534,0.846111093,0.776399824,132.116531,20.484015
Conv2,8,100,4000,16,relu,<class 'torch.optim.adam.Adam'>,<class 'torch.nn.modules.loss.CrossEntropyLoss'>,55.6452135,0.87277374,0.80909331,0.839727961,0.779329754,135.891672,21.049004
Conv2,9,100,4000,16,relu,<class 'torch.optim.adam.Adam'>,<class 'torch.nn.modules.loss.CrossEntropyLoss'>,51.63190492,0.896759206,0.804095526,0.847903177,0.786905282,132.117603,20.745913
Conv2,10,100,4000,16,relu,<class 'torch.optim.adam.Adam'>,<class 'torch.nn.modules.loss.CrossEntropyLoss'>,48.14932421,0.899425468,0.801111864,0.847426751,0.78548169,124.768746,20.544903
Conv2,1,100,3000,16,relu,<class 'torch.optim.adam.Adam'>,<class 'torch.nn.modules.loss.CrossEntropyLoss'>,83.35539672,0.980444673,0.698739534,0.81596224,0.700905106,111.451066,20.655416
Conv2,2,100,3000,16,relu,<class 'torch.optim.adam.Adam'>,<class 'torch.nn.modules.loss.CrossEntropyLoss'>,76.26959562,0.953771265,0.740192769,0.833517807,0.742340493,109.286901,20.756579
Conv2,3,100,3000,16,relu,<class 'torch.optim.adam.Adam'>,<class 'torch.nn.modules.loss.CrossEntropyLoss'>,72.47476885,0.891262739,0.786671321,0.835707258,0.763016021,114.936717,21.07378
Conv2,4,100,3000,16,relu,<class 'torch.optim.adam.Adam'>,<class 'torch.nn.modules.loss.CrossEntropyLoss'>,69.78128877,0.967237095,0.743070406,0.840463204,0.751672887,108.427118,20.866805
Conv2,5,100,3000,16,relu,<class 'torch.optim.adam.Adam'>,<class 'torch.nn.modules.loss.CrossEntropyLoss'>,68.8006165,0.943720771,0.77286789,0.849791797,0.774382042,110.486065,20.772433
Conv2,6,100,3000,16,relu,<class 'torch.optim.adam.Adam'>,<class 'torch.nn.modules.loss.CrossEntropyLoss'>,65.97632265,0.972405267,0.749612571,0.846596587,0.761683099,111.660055,20.702338
Conv2,7,100,3000,16,relu,<class 'torch.optim.adam.Adam'>,<class 'torch.nn.modules.loss.CrossEntropyLoss'>,63.99741748,0.933387813,0.78662381,0.853744321,0.783730106,109.947138,20.761876
Conv2,8,100,3000,16,relu,<class 'torch.optim.adam.Adam'>,<class 'torch.nn.modules.loss.CrossEntropyLoss'>,63.46062684,0.931994239,0.779620688,0.849025068,0.775845951,111.598986,20.946351
Conv2,9,100,3000,16,relu,<class 'torch.optim.adam.Adam'>,<class 'torch.nn.modules.loss.CrossEntropyLoss'>,60.40690507,0.944477305,0.782627661,0.855968894,0.785049296,112.25405,20.718496
Conv2,10,100,3000,16,relu,<class 'torch.optim.adam.Adam'>,<class 'torch.nn.modules.loss.CrossEntropyLoss'>,58.25126941,0.929549693,0.795788501,0.85748401,0.791041901,109.060286,20.999437
Conv2,1,100,2000,16,relu,<class 'torch.optim.adam.Adam'>,<class 'torch.nn.modules.loss.CrossEntropyLoss'>,86.10021207,0.890260926,0.727538101,0.800715951,0.698697359,86.965746,28.691192
Conv2,2,100,2000,16,relu,<class 'torch.optim.adam.Adam'>,<class 'torch.nn.modules.loss.CrossEntropyLoss'>,84.21774894,0.89470502,0.725538779,0.801290754,0.698283275,97.213099,27.867428
Conv2,3,100,2000,16,relu,<class 'torch.optim.adam.Adam'>,<class 'torch.nn.modules.loss.CrossEntropyLoss'>,83.28694278,0.898648077,0.724101232,0.801987314,0.698278169,93.618332,28.628581
Conv2,4,100,2000,16,relu,<class 'torch.optim.adam.Adam'>,<class 'torch.nn.modules.loss.CrossEntropyLoss'>,81.35911775,0.924564841,0.721432484,0.810464391,0.705973944,92.643833,28.029527
Conv2,5,100,2000,16,relu,<class 'torch.optim.adam.Adam'>,<class 'torch.nn.modules.loss.CrossEntropyLoss'>,78.99223968,0.825738825,0.758048747,0.79044727,0.702316549,100.437509,28.227814
Conv2,6,100,2000,16,relu,<class 'torch.optim.adam.Adam'>,<class 'torch.nn.modules.loss.CrossEntropyLoss'>,75.60325643,0.896247753,0.730479461,0.804917469,0.704616197,94.770739,28.697993
Conv2,7,100,2000,16,relu,<class 'torch.optim.adam.Adam'>,<class 'torch.nn.modules.loss.CrossEntropyLoss'>,72.90723893,0.860821874,0.745436815,0.798985021,0.705493662,94.609462,29.51937
Conv2,8,100,2000,16,relu,<class 'torch.optim.adam.Adam'>,<class 'torch.nn.modules.loss.CrossEntropyLoss'>,70.54983923,0.813502352,0.760052391,0.785869586,0.698575704,96.328752,28.972579
Conv2,9,100,2000,16,relu,<class 'torch.optim.adam.Adam'>,<class 'torch.nn.modules.loss.CrossEntropyLoss'>,67.66769079,0.883344006,0.738537316,0.804476261,0.708050528,94.088109,28.388046
Conv2,10,100,2000,16,relu,<class 'torch.optim.adam.Adam'>,<class 'torch.nn.modules.loss.CrossEntropyLoss'>,65.39987054,0.821410733,0.760535465,0.789801821,0.702722007,98.072362,28.715539
Conv2,1,100,4000,16,leaky_relu,<class 'torch.optim.adam.Adam'>,<class 'torch.nn.modules.loss.CrossEntropyLoss'>,85.59882039,0.862755681,0.734704663,0.793597944,0.695218838,138.90197,15.34961
Conv2,2,100,4000,16,leaky_relu,<class 'torch.optim.adam.Adam'>,<class 'torch.nn.modules.loss.CrossEntropyLoss'>,83.78579548,0.901630411,0.72193694,0.801839603,0.697347183,138.272768,15.353883
Conv2,3,100,4000,16,leaky_relu,<class 'torch.optim.adam.Adam'>,<class 'torch.nn.modules.loss.CrossEntropyLoss'>,81.98094973,0.968822497,0.732555138,0.834283798,0.738614085,132.129893,15.304474
Conv2,4,100,4000,16,leaky_relu,<class 'torch.optim.adam.Adam'>,<class 'torch.nn.modules.loss.CrossEntropyLoss'>,76.50199184,0.923598565,0.764975562,0.836836619,0.755402465,133.50067,15.391968
Conv2,5,100,4000,16,leaky_relu,<class 'torch.optim.adam.Adam'>,<class 'torch.nn.modules.loss.CrossEntropyLoss'>,74.10972908,0.899187115,0.77896516,0.834769818,0.758253873,132.921915,15.273084
Conv2,6,100,4000,16,leaky_relu,<class 'torch.optim.adam.Adam'>,<class 'torch.nn.modules.loss.CrossEntropyLoss'>,72.35361214,0.933860411,0.766497573,0.841942397,0.761876761,134.145266,15.600803
Conv2,7,100,4000,16,leaky_relu,<class 'torch.optim.adam.Adam'>,<class 'torch.nn.modules.loss.CrossEntropyLoss'>,70.98809877,0.912360437,0.786086142,0.844529236,0.77186743,135.025559,15.418465
Conv2,8,100,4000,16,leaky_relu,<class 'torch.optim.adam.Adam'>,<class 'torch.nn.modules.loss.CrossEntropyLoss'>,68.36700368,0.887137838,0.803063637,0.843009723,0.775602465,135.508529,15.44553
Conv2,9,100,4000,16,leaky_relu,<class 'torch.optim.adam.Adam'>,<class 'torch.nn.modules.loss.CrossEntropyLoss'>,66.32700601,0.934260931,0.790217923,0.856223584,0.786913732,139.143957,15.241187
Conv2,10,100,4000,16,leaky_relu,<class 'torch.optim.adam.Adam'>,<class 'torch.nn.modules.loss.CrossEntropyLoss'>,64.86138853,0.882244764,0.815356846,0.847483065,0.78434331,136.840602,15.585677
Conv2,1,100,3000,16,leaky_relu,<class 'torch.optim.adam.Adam'>,<class 'torch.nn.modules.loss.CrossEntropyLoss'>,84.2558068,0.865478889,0.723882835,0.788373474,0.690201232,108.07022,23.1523
Conv2,2,100,3000,16,leaky_relu,<class 'torch.optim.adam.Adam'>,<class 'torch.nn.modules.loss.CrossEntropyLoss'>,83.20696327,0.862138576,0.725016371,0.787654139,0.690065141,109.052812,23.195491
Conv2,3,100,3000,16,leaky_relu,<class 'torch.optim.adam.Adam'>,<class 'torch.nn.modules.loss.CrossEntropyLoss'>,82.66676107,0.741400148,0.767269847,0.754113199,0.677643486,108.019094,23.766162
Conv2,4,100,3000,16,leaky_relu,<class 'torch.optim.adam.Adam'>,<class 'torch.nn.modules.loss.CrossEntropyLoss'>,82.8517614,0.892806604,0.719303333,0.796718327,0.696236268,107.9912,23.294604
Conv2,5,100,3000,16,leaky_relu,<class 'torch.optim.adam.Adam'>,<class 'torch.nn.modules.loss.CrossEntropyLoss'>,78.90752292,0.946945806,0.736378243,0.828492042,0.738599648,110.337624,23.356958
Conv2,6,100,3000,16,leaky_relu,<class 'torch.optim.adam.Adam'>,<class 'torch.nn.modules.loss.CrossEntropyLoss'>,75.43137932,0.931944767,0.752915479,0.832918507,0.750712148,112.656418,23.503287
Conv2,7,100,3000,16,leaky_relu,<class 'torch.optim.adam.Adam'>,<class 'torch.nn.modules.loss.CrossEntropyLoss'>,73.95393685,0.922989825,0.760687438,0.834015854,0.755051761,108.239909,23.571832
Conv2,8,100,3000,16,leaky_relu,<class 'torch.optim.adam.Adam'>,<class 'torch.nn.modules.loss.CrossEntropyLoss'>,72.86569542,0.934553115,0.754316324,0.83481725,0.75341743,109.099808,23.2485
Conv2,9,100,3000,16,leaky_relu,<class 'torch.optim.adam.Adam'>,<class 'torch.nn.modules.loss.CrossEntropyLoss'>,72.62222776,0.932354318,0.760613861,0.837773121,0.759252113,108.377306,23.493879
Conv2,10,100,3000,16,leaky_relu,<class 'torch.optim.adam.Adam'>,<class 'torch.nn.modules.loss.CrossEntropyLoss'>,71.30681381,0.95827435,0.745175934,0.838396037,0.75369243,112.164835,23.737896
Conv2,1,100,2000,16,leaky_relu,<class 'torch.optim.adam.Adam'>,<class 'torch.nn.modules.loss.CrossEntropyLoss'>,82.01214793,0.913953968,0.735290605,0.814944947,0.718427465,93.07539,22.879109
Conv2,2,100,2000,16,leaky_relu,<class 'torch.optim.adam.Adam'>,<class 'torch.nn.modules.loss.CrossEntropyLoss'>,77.14502293,0.956546293,0.758403453,0.846028303,0.76381338,103.799597,23.68063
Conv2,3,100,2000,16,leaky_relu,<class 'torch.optim.adam.Adam'>,<class 'torch.nn.modules.loss.CrossEntropyLoss'>,72.52289148,0.962724156,0.763255749,0.851463849,0.772143662,103.083595,21.454308
Conv2,4,100,2000,16,leaky_relu,<class 'torch.optim.adam.Adam'>,<class 'torch.nn.modules.loss.CrossEntropyLoss'>,71.46366549,0.883058681,0.802077821,0.840622444,0.772851937,104.64154,24.073738
Conv2,5,100,2000,16,leaky_relu,<class 'torch.optim.adam.Adam'>,<class 'torch.nn.modules.loss.CrossEntropyLoss'>,68.99654874,0.938891213,0.788386249,0.857081665,0.787590317,109.377508,24.259382
Conv2,6,100,2000,16,leaky_relu,<class 'torch.optim.adam.Adam'>,<class 'torch.nn.modules.loss.CrossEntropyLoss'>,66.4634302,0.88865857,0.813519855,0.8494308,0.786284331,100.67136,24.574124
Conv2,7,100,2000,16,leaky_relu,<class 'torch.optim.adam.Adam'>,<class 'torch.nn.modules.loss.CrossEntropyLoss'>,64.32645091,0.906887472,0.82423492,0.86358807,0.805646479,104.204748,22.846486
Conv2,8,100,2000,16,leaky_relu,<class 'torch.optim.adam.Adam'>,<class 'torch.nn.modules.loss.CrossEntropyLoss'>,61.87188564,0.866913549,0.838724265,0.852585963,0.796638028,98.81371,24.569598
Conv2,9,100,2000,16,leaky_relu,<class 'torch.optim.adam.Adam'>,<class 'torch.nn.modules.loss.CrossEntropyLoss'>,60.59435353,0.890716128,0.838800808,0.863979291,0.809745775,107.210685,24.94653
Conv2,10,100,2000,16,leaky_relu,<class 'torch.optim.adam.Adam'>,<class 'torch.nn.modules.loss.CrossEntropyLoss'>,58.76586002,0.89309161,0.841802983,0.866689174,0.813623415,107.118074,24.79655
Conv3,1,100,4000,16,relu,<class 'torch.optim.adam.Adam'>,<class 'torch.nn.modules.loss.CrossEntropyLoss'>,85.78928894,0.865458501,0.733861512,0.794245903,0.696554401,135.410438,22.81665
Conv3,2,100,4000,16,relu,<class 'torch.optim.adam.Adam'>,<class 'torch.nn.modules.loss.CrossEntropyLoss'>,83.93007675,0.910184953,0.71755357,0.802470978,0.696769894,131.843417,23.073335
Conv3,3,100,4000,16,relu,<class 'torch.optim.adam.Adam'>,<class 'torch.nn.modules.loss.CrossEntropyLoss'>,82.46767086,0.905296026,0.730408773,0.80850305,0.709790317,131.458857,23.410307
Conv3,4,100,4000,16,relu,<class 'torch.optim.adam.Adam'>,<class 'torch.nn.modules.loss.CrossEntropyLoss'>,80.48092952,0.967498207,0.709152478,0.818421818,0.709478873,132.822088,23.186522
Conv3,5,100,4000,16,relu,<class 'torch.optim.adam.Adam'>,<class 'torch.nn.modules.loss.CrossEntropyLoss'>,79.73597741,0.914641754,0.734842276,0.814942632,0.718893134,129.057881,23.269919
Conv3,6,100,4000,16,relu,<class 'torch.optim.adam.Adam'>,<class 'torch.nn.modules.loss.CrossEntropyLoss'>,79.44623691,0.986973007,0.694855358,0.815545149,0.697873768,132.919327,23.639932
Conv3,7,100,4000,16,relu,<class 'torch.optim.adam.Adam'>,<class 'torch.nn.modules.loss.CrossEntropyLoss'>,79.16299111,0.964404124,0.715990239,0.821835582,0.717032746,127.005109,23.604469
Conv3,8,100,4000,16,relu,<class 'torch.optim.adam.Adam'>,<class 'torch.nn.modules.loss.CrossEntropyLoss'>,78.01400295,0.7841728,0.803560498,0.793748278,0.724216901,130.767114,23.366774
Conv3,9,100,4000,16,relu,<class 'torch.optim.adam.Adam'>,<class 'torch.nn.modules.loss.CrossEntropyLoss'>,76.07454118,0.863989897,0.789855864,0.825261343,0.752401937,130.969364,24.006873
Conv3,10,100,4000,16,relu,<class 'torch.optim.adam.Adam'>,<class 'torch.nn.modules.loss.CrossEntropyLoss'>,75.18239832,0.860655166,0.796571745,0.827374433,0.7569625,132.776042,23.126767
Conv3,1,100,3000,16,relu,<class 'torch.optim.adam.Adam'>,<class 'torch.nn.modules.loss.CrossEntropyLoss'>,85.14861935,0.884815519,0.718968924,0.793317162,0.690671479,110.521756,21.108258
Conv3,2,100,3000,16,relu,<class 'torch.optim.adam.Adam'>,<class 'torch.nn.modules.loss.CrossEntropyLoss'>,83.81890675,0.890910923,0.716975235,0.794535192,0.690850704,108.506952,21.02008
Conv3,3,100,3000,16,relu,<class 'torch.optim.adam.Adam'>,<class 'torch.nn.modules.loss.CrossEntropyLoss'>,83.70161423,0.891017984,0.717233455,0.79473631,0.691194366,109.40685,21.082565
Conv3,4,100,3000,16,relu,<class 'torch.optim.adam.Adam'>,<class 'torch.nn.modules.loss.CrossEntropyLoss'>,83.69557774,0.888197131,0.718064199,0.794120545,0.691009155,110.94047,20.988613
Conv3,5,100,3000,16,relu,<class 'torch.optim.adam.Adam'>,<class 'torch.nn.modules.loss.CrossEntropyLoss'>,83.79646525,0.889759228,0.71742524,0.794352783,0.690905282,108.881063,21.078694
Conv3,6,100,3000,16,relu,<class 'torch.optim.adam.Adam'>,<class 'torch.nn.modules.loss.CrossEntropyLoss'>,83.92224586,0.878293969,0.721799501,0.792393895,0.691220423,108.063476,20.877553
Conv3,7,100,3000,16,relu,<class 'torch.optim.adam.Adam'>,<class 'torch.nn.modules.loss.CrossEntropyLoss'>,83.92705148,0.883372817,0.719801655,0.79324269,0.691035563,108.172602,21.135286
Conv3,8,100,3000,16,relu,<class 'torch.optim.adam.Adam'>,<class 'torch.nn.modules.loss.CrossEntropyLoss'>,83.59908545,0.889310778,0.717581073,0.794269486,0.690903521,113.105929,21.4406
Conv3,9,100,3000,16,relu,<class 'torch.optim.adam.Adam'>,<class 'torch.nn.modules.loss.CrossEntropyLoss'>,83.73857293,0.88295533,0.718588765,0.792337572,0.689475352,114.632089,21.581645
Conv3,10,100,3000,16,relu,<class 'torch.optim.adam.Adam'>,<class 'torch.nn.modules.loss.CrossEntropyLoss'>,83.59334406,0.892328434,0.716740464,0.794954022,0.691152817,111.251039,21.547246
Conv3,1,100,2000,16,relu,<class 'torch.optim.adam.Adam'>,<class 'torch.nn.modules.loss.CrossEntropyLoss'>,84.66758823,0.875886226,0.722532567,0.791852956,0.690980282,96.718952,24.337906
Conv3,2,100,2000,16,relu,<class 'torch.optim.adam.Adam'>,<class 'torch.nn.modules.loss.CrossEntropyLoss'>,79.64982834,0.91677731,0.746259286,0.822776339,0.734956866,109.626865,26.106512
Conv3,3,100,2000,16,relu,<class 'torch.optim.adam.Adam'>,<class 'torch.nn.modules.loss.CrossEntropyLoss'>,75.47468543,0.875763975,0.77785141,0.823908931,0.748777817,114.00292,24.313398
Conv3,4,100,2000,16,relu,<class 'torch.optim.adam.Adam'>,<class 'torch.nn.modules.loss.CrossEntropyLoss'>,73.61127856,0.934643892,0.755800162,0.835761471,0.753480282,108.626774,24.233161
Conv3,5,100,2000,16,relu,<class 'torch.optim.adam.Adam'>,<class 'torch.nn.modules.loss.CrossEntropyLoss'>,72.19265273,0.941197473,0.755929056,0.838450764,0.756599824,111.773839,23.938031
Conv3,6,100,2000,16,relu,<class 'torch.optim.adam.Adam'>,<class 'torch.nn.modules.loss.CrossEntropyLoss'>,70.86004668,0.956883464,0.748231916,0.839791554,0.754988908,115.962543,27.01714
Conv3,7,100,2000,16,relu,<class 'torch.optim.adam.Adam'>,<class 'torch.nn.modules.loss.CrossEntropyLoss'>,69.43084341,0.96577924,0.742499504,0.839547538,0.7522625,118.061239,24.391759
Conv3,8,100,2000,16,relu,<class 'torch.optim.adam.Adam'>,<class 'torch.nn.modules.loss.CrossEntropyLoss'>,67.61372259,0.922296474,0.777858365,0.843941988,0.77109419,111.064188,25.415015
Conv3,9,100,2000,16,relu,<class 'torch.optim.adam.Adam'>,<class 'torch.nn.modules.loss.CrossEntropyLoss'>,64.8784177,0.922099455,0.787202845,0.84932819,0.780443134,109.839361,24.131317
Conv3,10,100,2000,16,relu,<class 'torch.optim.adam.Adam'>,<class 'torch.nn.modules.loss.CrossEntropyLoss'>,62.39991724,0.939805221,0.779390213,0.8521137,0.781082218,116.442696,24.827937
Conv3,1,100,4000,16,leaky_relu,<class 'torch.optim.adam.Adam'>,<class 'torch.nn.modules.loss.CrossEntropyLoss'>,81.74957252,0.922499347,0.749951463,0.827324464,0.744509155,137.408073,22.551255
Conv3,2,100,4000,16,leaky_relu,<class 'torch.optim.adam.Adam'>,<class 'torch.nn.modules.loss.CrossEntropyLoss'>,76.35051358,0.930865461,0.758618199,0.835961301,0.75761743,133.555366,22.011866
Conv3,3,100,4000,16,leaky_relu,<class 'torch.optim.adam.Adam'>,<class 'torch.nn.modules.loss.CrossEntropyLoss'>,72.05129242,0.916695502,0.777855635,0.841587776,0.771035211,131.609433,22.656209
Conv3,4,100,4000,16,leaky_relu,<class 'torch.optim.adam.Adam'>,<class 'torch.nn.modules.loss.CrossEntropyLoss'>,68.94578654,0.869585431,0.793278206,0.829680985,0.763125352,129.902879,22.408727
Conv3,5,100,4000,16,leaky_relu,<class 'torch.optim.adam.Adam'>,<class 'torch.nn.modules.loss.CrossEntropyLoss'>,65.89724419,0.839670896,0.812680709,0.825955368,0.765216549,130.983684,22.294624
Conv3,6,100,4000,16,leaky_relu,<class 'torch.optim.adam.Adam'>,<class 'torch.nn.modules.loss.CrossEntropyLoss'>,63.08112353,0.858270957,0.820702377,0.839066351,0.781561444,129.907847,22.91367
Conv3,7,100,4000,16,leaky_relu,<class 'torch.optim.adam.Adam'>,<class 'torch.nn.modules.loss.CrossEntropyLoss'>,59.05834964,0.903049354,0.813186083,0.855765067,0.798032394,130.225618,22.094728
Conv3,8,100,4000,16,leaky_relu,<class 'torch.optim.adam.Adam'>,<class 'torch.nn.modules.loss.CrossEntropyLoss'>,55.4367623,0.94126844,0.791405567,0.859856015,0.796428697,128.402151,22.586977
Conv3,9,100,4000,16,leaky_relu,<class 'torch.optim.adam.Adam'>,<class 'torch.nn.modules.loss.CrossEntropyLoss'>,52.85039166,0.946963489,0.791679423,0.862386984,0.799485915,129.005001,22.070265
Conv3,10,100,4000,16,leaky_relu,<class 'torch.optim.adam.Adam'>,<class 'torch.nn.modules.loss.CrossEntropyLoss'>,50.71815085,0.843923741,0.843693594,0.843808652,0.792713732,128.95004,22.981009
Conv3,1,100,3000,16,leaky_relu,<class 'torch.optim.adam.Adam'>,<class 'torch.nn.modules.loss.CrossEntropyLoss'>,84.782159,0.896069405,0.706984447,0.79037536,0.685858803,111.529412,17.042155
Conv3,2,100,3000,16,leaky_relu,<class 'torch.optim.adam.Adam'>,<class 'torch.nn.modules.loss.CrossEntropyLoss'>,83.06777146,0.897868026,0.736452496,0.809189067,0.720140493,108.845658,17.14063
Conv3,3,100,3000,16,leaky_relu,<class 'torch.optim.adam.Adam'>,<class 'torch.nn.modules.loss.CrossEntropyLoss'>,78.39712092,0.900744968,0.769518599,0.829976801,0.756096303,110.511955,17.356123
Conv3,4,100,3000,16,leaky_relu,<class 'torch.optim.adam.Adam'>,<class 'torch.nn.modules.loss.CrossEntropyLoss'>,74.28163451,0.906853675,0.769028295,0.832273571,0.758427817,111.309353,17.005751
Conv3,5,100,3000,16,leaky_relu,<class 'torch.optim.adam.Adam'>,<class 'torch.nn.modules.loss.CrossEntropyLoss'>,72.82038018,0.943500855,0.755711325,0.83922925,0.761085211,110.635116,16.662602
Conv3,6,100,3000,16,leaky_relu,<class 'torch.optim.adam.Adam'>,<class 'torch.nn.modules.loss.CrossEntropyLoss'>,72.42683718,0.912847038,0.773755602,0.837565995,0.765992254,111.122723,17.174809
Conv3,7,100,3000,16,leaky_relu,<class 'torch.optim.adam.Adam'>,<class 'torch.nn.modules.loss.CrossEntropyLoss'>,71.35657135,0.93708261,0.767536548,0.843877823,0.770840845,114.329641,17.354288
Conv3,8,100,3000,16,leaky_relu,<class 'torch.optim.adam.Adam'>,<class 'torch.nn.modules.loss.CrossEntropyLoss'>,69.22686592,0.946756594,0.762323396,0.844588558,0.769723063,114.404498,17.318205
Conv3,9,100,3000,16,leaky_relu,<class 'torch.optim.adam.Adam'>,<class 'torch.nn.modules.loss.CrossEntropyLoss'>,68.38755289,0.899158654,0.793389729,0.842969392,0.778597183,113.85481,16.944483
Conv3,10,100,3000,16,leaky_relu,<class 'torch.optim.adam.Adam'>,<class 'torch.nn.modules.loss.CrossEntropyLoss'>,68.2143023,0.901223659,0.793930919,0.844181808,0.78011831,110.511597,17.334416
Conv3,1,100,2000,16,leaky_relu,<class 'torch.optim.adam.Adam'>,<class 'torch.nn.modules.loss.CrossEntropyLoss'>,81.16543162,0.913168453,0.731074369,0.812038272,0.720385387,97.989785,25.205583
Conv3,2,100,2000,16,leaky_relu,<class 'torch.optim.adam.Adam'>,<class 'torch.nn.modules.loss.CrossEntropyLoss'>,78.538261,0.912760674,0.732534632,0.812776651,0.721861092,114.411074,24.645604
Conv3,3,100,2000,16,leaky_relu,<class 'torch.optim.adam.Adam'>,<class 'torch.nn.modules.loss.CrossEntropyLoss'>,77.78906253,0.882330864,0.750013575,0.810809423,0.727649472,117.406657,26.315295
Conv3,4,100,2000,16,leaky_relu,<class 'torch.optim.adam.Adam'>,<class 'torch.nn.modules.loss.CrossEntropyLoss'>,77.54705122,0.911490226,0.736099951,0.814459712,0.725313908,116.978298,25.816918
Conv3,5,100,2000,16,leaky_relu,<class 'torch.optim.adam.Adam'>,<class 'torch.nn.modules.loss.CrossEntropyLoss'>,76.4896265,0.954374583,0.727099787,0.8253775,0.732894718,113.841465,25.276547
Conv3,6,100,2000,16,leaky_relu,<class 'torch.optim.adam.Adam'>,<class 'torch.nn.modules.loss.CrossEntropyLoss'>,76.41554698,0.909286039,0.747635608,0.820575459,0.736985387,112.970968,25.463934
Conv3,7,100,2000,16,leaky_relu,<class 'torch.optim.adam.Adam'>,<class 'torch.nn.modules.loss.CrossEntropyLoss'>,75.5091055,0.927412222,0.746141641,0.826959792,0.743284859,115.772841,25.355881
Conv3,8,100,2000,16,leaky_relu,<class 'torch.optim.adam.Adam'>,<class 'torch.nn.modules.loss.CrossEntropyLoss'>,74.41996241,0.92399508,0.757830019,0.832703959,0.754426937,116.621537,25.253353
Conv3,9,100,2000,16,leaky_relu,<class 'torch.optim.adam.Adam'>,<class 'torch.nn.modules.loss.CrossEntropyLoss'>,73.12121701,0.948169269,0.747208417,0.835778439,0.753543134,124.566399,24.561784
Conv3,10,100,2000,16,leaky_relu,<class 'torch.optim.adam.Adam'>,<class 'torch.nn.modules.loss.CrossEntropyLoss'>,71.25843585,0.84472527,0.793422131,0.81827035,0.751823592,116.500878,25.640403
