Model Name,Iteration,Input Image Length,Hidden Layer Size,Batch Size,Activation Function,Optimizer,Loss Function,Loss,Recall,Precision,F1,Accuracy,Iteration Training Seconds
Conv1,1,100,2000,16,leaky_relu,<class 'torch.optim.adam.Adam'>,<class 'torch.nn.modules.loss.CrossEntropyLoss'>,84.69174573,0.866845936,0.725025187,0.789618114,0.693824648,59.512278
Conv1,2,100,2000,16,leaky_relu,<class 'torch.optim.adam.Adam'>,<class 'torch.nn.modules.loss.CrossEntropyLoss'>,80.91322008,0.869966589,0.75544624,0.808672082,0.727136444,58.891817
Conv1,3,100,2000,16,leaky_relu,<class 'torch.optim.adam.Adam'>,<class 'torch.nn.modules.loss.CrossEntropyLoss'>,75.81862438,0.909981548,0.754678349,0.825085501,0.744261268,59.325106
Conv1,4,100,2000,16,leaky_relu,<class 'torch.optim.adam.Adam'>,<class 'torch.nn.modules.loss.CrossEntropyLoss'>,70.856841,0.850044769,0.780756256,0.813928567,0.742384331,58.704031
Conv1,5,100,2000,16,leaky_relu,<class 'torch.optim.adam.Adam'>,<class 'torch.nn.modules.loss.CrossEntropyLoss'>,66.96254182,0.901060767,0.77616884,0.833964876,0.762182746,58.263741
Conv1,6,100,2000,16,leaky_relu,<class 'torch.optim.adam.Adam'>,<class 'torch.nn.modules.loss.CrossEntropyLoss'>,64.70968682,0.902097178,0.776246763,0.834453531,0.762748944,59.12041
Conv1,7,100,2000,16,leaky_relu,<class 'torch.optim.adam.Adam'>,<class 'torch.nn.modules.loss.CrossEntropyLoss'>,60.49879336,0.915518722,0.784800402,0.845134835,0.777601408,58.505315
Conv1,8,100,2000,16,leaky_relu,<class 'torch.optim.adam.Adam'>,<class 'torch.nn.modules.loss.CrossEntropyLoss'>,57.61330512,0.907849761,0.793765166,0.846983069,0.782571831,61.900627
Conv1,9,100,2000,16,leaky_relu,<class 'torch.optim.adam.Adam'>,<class 'torch.nn.modules.loss.CrossEntropyLoss'>,54.38410759,0.860864131,0.81580759,0.837730467,0.778942958,64.605009
Conv1,10,100,2000,16,leaky_relu,<class 'torch.optim.adam.Adam'>,<class 'torch.nn.modules.loss.CrossEntropyLoss'>,52.41854474,0.852144948,0.824005365,0.837838949,0.781356514,64.414147
Conv1,1,100,2000,16,relu,<class 'torch.optim.adam.Adam'>,<class 'torch.nn.modules.loss.CrossEntropyLoss'>,82.88488966,0.969830438,0.697225176,0.81123892,0.699535563,61.601836
Conv1,2,100,2000,16,relu,<class 'torch.optim.adam.Adam'>,<class 'torch.nn.modules.loss.CrossEntropyLoss'>,76.94451272,0.927443689,0.745646711,0.826668226,0.741078521,61.13089
Conv1,3,100,2000,16,relu,<class 'torch.optim.adam.Adam'>,<class 'torch.nn.modules.loss.CrossEntropyLoss'>,73.6014044,0.908996788,0.762495203,0.829325769,0.75092007,61.05772
Conv1,4,100,2000,16,relu,<class 'torch.optim.adam.Adam'>,<class 'torch.nn.modules.loss.CrossEntropyLoss'>,70.13022038,0.925823387,0.758528427,0.833867784,0.754405634,60.355702
Conv1,5,100,2000,16,relu,<class 'torch.optim.adam.Adam'>,<class 'torch.nn.modules.loss.CrossEntropyLoss'>,66.20371684,0.915423518,0.777336589,0.840747832,0.76912588,60.874019
Conv1,6,100,2000,16,relu,<class 'torch.optim.adam.Adam'>,<class 'torch.nn.modules.loss.CrossEntropyLoss'>,62.23625913,0.929318394,0.785117632,0.851153669,0.783614437,61.737027
Conv1,7,100,2000,16,relu,<class 'torch.optim.adam.Adam'>,<class 'torch.nn.modules.loss.CrossEntropyLoss'>,58.56298858,0.918645082,0.793918945,0.851740108,0.787089085,61.157677
Conv1,8,100,2000,16,relu,<class 'torch.optim.adam.Adam'>,<class 'torch.nn.modules.loss.CrossEntropyLoss'>,56.18908763,0.915988918,0.805441877,0.857165837,0.796768486,62.130715
Conv1,9,100,2000,16,relu,<class 'torch.optim.adam.Adam'>,<class 'torch.nn.modules.loss.CrossEntropyLoss'>,54.19731647,0.863706347,0.836937754,0.850111378,0.797235211,60.640196
Conv1,10,100,2000,16,relu,<class 'torch.optim.adam.Adam'>,<class 'torch.nn.modules.loss.CrossEntropyLoss'>,51.19949679,0.897467442,0.821922566,0.858035395,0.802290669,61.362255
Conv1,1,100,3000,16,leaky_relu,<class 'torch.optim.adam.Adam'>,<class 'torch.nn.modules.loss.CrossEntropyLoss'>,82.68704778,0.81353478,0.771974393,0.792209883,0.709525,60.434116
Conv1,2,100,3000,16,leaky_relu,<class 'torch.optim.adam.Adam'>,<class 'torch.nn.modules.loss.CrossEntropyLoss'>,75.05374929,0.873722207,0.795027812,0.832519486,0.760728345,61.073897
Conv1,3,100,3000,16,leaky_relu,<class 'torch.optim.adam.Adam'>,<class 'torch.nn.modules.loss.CrossEntropyLoss'>,70.99082714,0.935919183,0.775789865,0.848364525,0.772278169,61.438965
Conv1,4,100,3000,16,leaky_relu,<class 'torch.optim.adam.Adam'>,<class 'torch.nn.modules.loss.CrossEntropyLoss'>,67.97226289,0.865288771,0.806158317,0.834677621,0.766696127,62.103655
Conv1,5,100,3000,16,leaky_relu,<class 'torch.optim.adam.Adam'>,<class 'torch.nn.modules.loss.CrossEntropyLoss'>,63.34626171,0.932131328,0.794704567,0.857949532,0.789909683,61.844412
Conv1,6,100,3000,16,leaky_relu,<class 'torch.optim.adam.Adam'>,<class 'torch.nn.modules.loss.CrossEntropyLoss'>,60.81453866,0.709202957,0.8463919,0.771748037,0.714466197,61.177108
Conv1,7,100,3000,16,leaky_relu,<class 'torch.optim.adam.Adam'>,<class 'torch.nn.modules.loss.CrossEntropyLoss'>,63.13958386,0.889709625,0.824630605,0.855934865,0.796148239,61.609944
Conv1,8,100,3000,16,leaky_relu,<class 'torch.optim.adam.Adam'>,<class 'torch.nn.modules.loss.CrossEntropyLoss'>,55.92047305,0.919012995,0.816986472,0.865001631,0.804754401,61.061751
Conv1,9,100,3000,16,leaky_relu,<class 'torch.optim.adam.Adam'>,<class 'torch.nn.modules.loss.CrossEntropyLoss'>,52.75735185,0.873124179,0.835649181,0.853975749,0.796762676,63.183103
Conv1,10,100,3000,16,leaky_relu,<class 'torch.optim.adam.Adam'>,<class 'torch.nn.modules.loss.CrossEntropyLoss'>,50.7166547,0.892744255,0.8304298,0.860460301,0.802920246,62.034625
Conv1,1,100,3000,16,relu,<class 'torch.optim.adam.Adam'>,<class 'torch.nn.modules.loss.CrossEntropyLoss'>,81.82467389,0.951441809,0.736371556,0.830203979,0.735817958,63.915648
Conv1,2,100,3000,16,relu,<class 'torch.optim.adam.Adam'>,<class 'torch.nn.modules.loss.CrossEntropyLoss'>,75.03702793,0.919593676,0.768799643,0.83746279,0.757695423,63.464697
Conv1,3,100,3000,16,relu,<class 'torch.optim.adam.Adam'>,<class 'torch.nn.modules.loss.CrossEntropyLoss'>,72.05745783,0.897752696,0.788713919,0.839708347,0.767342254,64.925012
Conv1,4,100,3000,16,relu,<class 'torch.optim.adam.Adam'>,<class 'torch.nn.modules.loss.CrossEntropyLoss'>,69.76182145,0.939225945,0.778978134,0.851629306,0.777850176,65.342254
Conv1,5,100,3000,16,relu,<class 'torch.optim.adam.Adam'>,<class 'torch.nn.modules.loss.CrossEntropyLoss'>,65.96037173,0.878093972,0.823024347,0.849667786,0.789077817,63.652761
Conv1,6,100,3000,16,relu,<class 'torch.optim.adam.Adam'>,<class 'torch.nn.modules.loss.CrossEntropyLoss'>,61.61039197,0.935579341,0.801000257,0.863075085,0.798491725,64.060005
Conv1,7,100,3000,16,relu,<class 'torch.optim.adam.Adam'>,<class 'torch.nn.modules.loss.CrossEntropyLoss'>,59.35020795,0.887950437,0.828208225,0.85703947,0.798913732,63.821826
Conv1,8,100,3000,16,relu,<class 'torch.optim.adam.Adam'>,<class 'torch.nn.modules.loss.CrossEntropyLoss'>,56.48846099,0.862501757,0.846206167,0.854276258,0.80025757,64.06879
Conv1,9,100,3000,16,relu,<class 'torch.optim.adam.Adam'>,<class 'torch.nn.modules.loss.CrossEntropyLoss'>,54.38680947,0.912572277,0.82901737,0.868790499,0.812890493,65.227458
Conv1,10,100,3000,16,relu,<class 'torch.optim.adam.Adam'>,<class 'torch.nn.modules.loss.CrossEntropyLoss'>,52.13650018,0.9239862,0.815045545,0.86610361,0.806070951,62.721478
Conv1,1,100,4000,16,leaky_relu,<class 'torch.optim.adam.Adam'>,<class 'torch.nn.modules.loss.CrossEntropyLoss'>,80.32909557,0.856391063,0.76656691,0.808993285,0.725851761,66.425757
Conv1,2,100,4000,16,leaky_relu,<class 'torch.optim.adam.Adam'>,<class 'torch.nn.modules.loss.CrossEntropyLoss'>,75.49974313,0.941880685,0.749305197,0.834628647,0.746969718,66.675735
Conv1,3,100,4000,16,leaky_relu,<class 'torch.optim.adam.Adam'>,<class 'torch.nn.modules.loss.CrossEntropyLoss'>,71.54928178,0.910151052,0.782194146,0.841335238,0.767279577,65.814364
Conv1,4,100,4000,16,leaky_relu,<class 'torch.optim.adam.Adam'>,<class 'torch.nn.modules.loss.CrossEntropyLoss'>,69.52137733,0.961863566,0.753821621,0.845229134,0.761198063,67.473056
Conv1,5,100,4000,16,leaky_relu,<class 'torch.optim.adam.Adam'>,<class 'torch.nn.modules.loss.CrossEntropyLoss'>,67.87261486,0.920701886,0.792258053,0.851664382,0.782576937,69.004583
Conv1,6,100,4000,16,leaky_relu,<class 'torch.optim.adam.Adam'>,<class 'torch.nn.modules.loss.CrossEntropyLoss'>,66.19906875,0.943310075,0.781491654,0.854810078,0.782764437,66.765643
Conv1,7,100,4000,16,leaky_relu,<class 'torch.optim.adam.Adam'>,<class 'torch.nn.modules.loss.CrossEntropyLoss'>,63.5109244,0.950807356,0.78285135,0.858693605,0.787858451,66.717576
Conv1,8,100,4000,16,leaky_relu,<class 'torch.optim.adam.Adam'>,<class 'torch.nn.modules.loss.CrossEntropyLoss'>,61.84180644,0.862530112,0.834455151,0.848260395,0.790803873,67.376401
Conv1,9,100,4000,16,leaky_relu,<class 'torch.optim.adam.Adam'>,<class 'torch.nn.modules.loss.CrossEntropyLoss'>,59.264552,0.94518407,0.802938878,0.868274211,0.805580458,67.742908
Conv1,10,100,4000,16,leaky_relu,<class 'torch.optim.adam.Adam'>,<class 'torch.nn.modules.loss.CrossEntropyLoss'>,57.29794618,0.921033004,0.816303673,0.865511716,0.805957746,66.831852
Conv1,1,100,4000,16,relu,<class 'torch.optim.adam.Adam'>,<class 'torch.nn.modules.loss.CrossEntropyLoss'>,82.81754935,0.941321571,0.691746696,0.7974634,0.682860739,63.109389
Conv1,2,100,4000,16,relu,<class 'torch.optim.adam.Adam'>,<class 'torch.nn.modules.loss.CrossEntropyLoss'>,78.67646804,0.857690152,0.749338375,0.799861526,0.715314437,61.388233
Conv1,3,100,4000,16,relu,<class 'torch.optim.adam.Adam'>,<class 'torch.nn.modules.loss.CrossEntropyLoss'>,74.33373806,0.968570597,0.717975023,0.824655424,0.726806514,61.046732
Conv1,4,100,4000,16,relu,<class 'torch.optim.adam.Adam'>,<class 'torch.nn.modules.loss.CrossEntropyLoss'>,72.11416808,0.873098272,0.77915274,0.823454676,0.751687324,61.383439
Conv1,5,100,4000,16,relu,<class 'torch.optim.adam.Adam'>,<class 'torch.nn.modules.loss.CrossEntropyLoss'>,68.52186966,0.827846208,0.79656314,0.811903447,0.745583451,61.729312
Conv1,6,100,4000,16,relu,<class 'torch.optim.adam.Adam'>,<class 'torch.nn.modules.loss.CrossEntropyLoss'>,65.64574149,0.929805031,0.76658366,0.840342013,0.765660387,61.929988
Conv1,7,100,4000,16,relu,<class 'torch.optim.adam.Adam'>,<class 'torch.nn.modules.loss.CrossEntropyLoss'>,62.2540134,0.924300386,0.776139789,0.843765417,0.772967606,60.931151
Conv1,8,100,4000,16,relu,<class 'torch.optim.adam.Adam'>,<class 'torch.nn.modules.loss.CrossEntropyLoss'>,59.44901714,0.930909517,0.779306186,0.848388357,0.77931919,60.588227
Conv1,9,100,4000,16,relu,<class 'torch.optim.adam.Adam'>,<class 'torch.nn.modules.loss.CrossEntropyLoss'>,57.00322467,0.892751537,0.800740907,0.844246666,0.781516901,61.467519
Conv1,10,100,4000,16,relu,<class 'torch.optim.adam.Adam'>,<class 'torch.nn.modules.loss.CrossEntropyLoss'>,54.81989217,0.929403158,0.781461852,0.849036141,0.780785035,61.830226
Conv2,1,100,2000,16,leaky_relu,<class 'torch.optim.adam.Adam'>,<class 'torch.nn.modules.loss.CrossEntropyLoss'>,83.7640467,0.856763834,0.747558623,0.798444464,0.70823257,60.729862
Conv2,2,100,2000,16,leaky_relu,<class 'torch.optim.adam.Adam'>,<class 'torch.nn.modules.loss.CrossEntropyLoss'>,80.21276349,0.840523313,0.75701423,0.79658611,0.710450176,61.541468
Conv2,3,100,2000,16,leaky_relu,<class 'torch.optim.adam.Adam'>,<class 'torch.nn.modules.loss.CrossEntropyLoss'>,77.86074638,0.951355695,0.747037499,0.836906768,0.749892077,59.422759
Conv2,4,100,2000,16,leaky_relu,<class 'torch.optim.adam.Adam'>,<class 'torch.nn.modules.loss.CrossEntropyLoss'>,75.0637306,0.932377187,0.765246997,0.840585153,0.761458275,59.935313
Conv2,5,100,2000,16,leaky_relu,<class 'torch.optim.adam.Adam'>,<class 'torch.nn.modules.loss.CrossEntropyLoss'>,72.42810246,0.940225737,0.769132996,0.846116879,0.769315493,61.412437
Conv2,6,100,2000,16,leaky_relu,<class 'torch.optim.adam.Adam'>,<class 'torch.nn.modules.loss.CrossEntropyLoss'>,70.94179851,0.869582262,0.797817864,0.832155704,0.763387148,60.402984
Conv2,7,100,2000,16,leaky_relu,<class 'torch.optim.adam.Adam'>,<class 'torch.nn.modules.loss.CrossEntropyLoss'>,69.88494569,0.941596818,0.772588078,0.848760805,0.773655634,62.681248
Conv2,8,100,2000,16,leaky_relu,<class 'torch.optim.adam.Adam'>,<class 'torch.nn.modules.loss.CrossEntropyLoss'>,69.00740153,0.94855872,0.771342697,0.850820674,0.775632218,60.67373
Conv2,9,100,2000,16,leaky_relu,<class 'torch.optim.adam.Adam'>,<class 'torch.nn.modules.loss.CrossEntropyLoss'>,66.83200631,0.893482102,0.802243115,0.845408038,0.779589613,60.614353
Conv2,10,100,2000,16,leaky_relu,<class 'torch.optim.adam.Adam'>,<class 'torch.nn.modules.loss.CrossEntropyLoss'>,65.14538503,0.904679662,0.813254181,0.856534168,0.795579577,61.295543
Conv2,1,100,2000,16,relu,<class 'torch.optim.adam.Adam'>,<class 'torch.nn.modules.loss.CrossEntropyLoss'>,83.28278032,0.923910366,0.705473188,0.800049798,0.690374472,59.667335
Conv2,2,100,2000,16,relu,<class 'torch.optim.adam.Adam'>,<class 'torch.nn.modules.loss.CrossEntropyLoss'>,81.27952111,0.977894578,0.701327146,0.816835566,0.705963908,59.84359
Conv2,3,100,2000,16,relu,<class 'torch.optim.adam.Adam'>,<class 'torch.nn.modules.loss.CrossEntropyLoss'>,75.67997479,0.927344529,0.749431961,0.828949634,0.743410387,59.636966
Conv2,4,100,2000,16,relu,<class 'torch.optim.adam.Adam'>,<class 'torch.nn.modules.loss.CrossEntropyLoss'>,73.10026425,0.925376673,0.757524297,0.833079696,0.75137588,61.201596
Conv2,5,100,2000,16,relu,<class 'torch.optim.adam.Adam'>,<class 'torch.nn.modules.loss.CrossEntropyLoss'>,70.39370805,0.915916576,0.772219527,0.837952182,0.762489965,60.102153
Conv2,6,100,2000,16,relu,<class 'torch.optim.adam.Adam'>,<class 'torch.nn.modules.loss.CrossEntropyLoss'>,67.92555001,0.914847306,0.785566868,0.845292569,0.775480106,60.091172
Conv2,7,100,2000,16,relu,<class 'torch.optim.adam.Adam'>,<class 'torch.nn.modules.loss.CrossEntropyLoss'>,65.93976748,0.863106145,0.81649045,0.839151409,0.778158275,60.360174
Conv2,8,100,2000,16,relu,<class 'torch.optim.adam.Adam'>,<class 'torch.nn.modules.loss.CrossEntropyLoss'>,64.40505421,0.918713168,0.795083532,0.852439161,0.786749648,61.578317
Conv2,9,100,2000,16,relu,<class 'torch.optim.adam.Adam'>,<class 'torch.nn.modules.loss.CrossEntropyLoss'>,62.08848223,0.920323113,0.800142277,0.856035158,0.792457394,60.802533
Conv2,10,100,2000,16,relu,<class 'torch.optim.adam.Adam'>,<class 'torch.nn.modules.loss.CrossEntropyLoss'>,61.07947648,0.87125959,0.822959781,0.846421206,0.788020246,59.963977
Conv2,1,100,3000,16,leaky_relu,<class 'torch.optim.adam.Adam'>,<class 'torch.nn.modules.loss.CrossEntropyLoss'>,80.48433852,0.881135317,0.731952864,0.799645707,0.704982218,60.859487
Conv2,2,100,3000,16,leaky_relu,<class 'torch.optim.adam.Adam'>,<class 'torch.nn.modules.loss.CrossEntropyLoss'>,79.06131044,0.926897257,0.71113719,0.804807386,0.699594718,61.022573
Conv2,3,100,3000,16,leaky_relu,<class 'torch.optim.adam.Adam'>,<class 'torch.nn.modules.loss.CrossEntropyLoss'>,76.67011908,0.879952212,0.776310008,0.824888355,0.750377641,60.942671
Conv2,4,100,3000,16,leaky_relu,<class 'torch.optim.adam.Adam'>,<class 'torch.nn.modules.loss.CrossEntropyLoss'>,72.40974674,0.913119217,0.779991001,0.841321214,0.76986162,61.614771
Conv2,5,100,3000,16,leaky_relu,<class 'torch.optim.adam.Adam'>,<class 'torch.nn.modules.loss.CrossEntropyLoss'>,70.19547588,0.905356833,0.789882319,0.843686691,0.775849824,61.142279
Conv2,6,100,3000,16,leaky_relu,<class 'torch.optim.adam.Adam'>,<class 'torch.nn.modules.loss.CrossEntropyLoss'>,68.66527337,0.898963584,0.800093338,0.846651769,0.78241919,60.502401
Conv2,7,100,3000,16,leaky_relu,<class 'torch.optim.adam.Adam'>,<class 'torch.nn.modules.loss.CrossEntropyLoss'>,66.94466186,0.911239686,0.798638346,0.851231424,0.787185739,62.444259
Conv2,8,100,3000,16,leaky_relu,<class 'torch.optim.adam.Adam'>,<class 'torch.nn.modules.loss.CrossEntropyLoss'>,65.28830898,0.95951645,0.764753679,0.851135472,0.775741197,61.646739
Conv2,9,100,3000,16,leaky_relu,<class 'torch.optim.adam.Adam'>,<class 'torch.nn.modules.loss.CrossEntropyLoss'>,64.66045851,0.898900344,0.811629228,0.853038503,0.793056866,60.953521
Conv2,10,100,3000,16,leaky_relu,<class 'torch.optim.adam.Adam'>,<class 'torch.nn.modules.loss.CrossEntropyLoss'>,63.0126597,0.94623563,0.787442689,0.859566992,0.793417606,61.111909
Conv2,1,100,3000,16,relu,<class 'torch.optim.adam.Adam'>,<class 'torch.nn.modules.loss.CrossEntropyLoss'>,85.49452919,0.8969104,0.720566744,0.799125736,0.69643662,64.647341
Conv2,2,100,3000,16,relu,<class 'torch.optim.adam.Adam'>,<class 'torch.nn.modules.loss.CrossEntropyLoss'>,81.45275241,0.901530521,0.741887549,0.813955111,0.722547359,64.787075
Conv2,3,100,3000,16,relu,<class 'torch.optim.adam.Adam'>,<class 'torch.nn.modules.loss.CrossEntropyLoss'>,75.07795525,0.914469841,0.748768991,0.823365408,0.735854225,64.623223
Conv2,4,100,3000,16,relu,<class 'torch.optim.adam.Adam'>,<class 'torch.nn.modules.loss.CrossEntropyLoss'>,71.20171675,0.912726868,0.752439251,0.824868478,0.739077465,65.754921
Conv2,5,100,3000,16,relu,<class 'torch.optim.adam.Adam'>,<class 'torch.nn.modules.loss.CrossEntropyLoss'>,67.00258249,0.862380705,0.77268072,0.815070228,0.736547711,64.288269
Conv2,6,100,3000,16,relu,<class 'torch.optim.adam.Adam'>,<class 'torch.nn.modules.loss.CrossEntropyLoss'>,63.37580448,0.882647311,0.76479864,0.819507872,0.738251937,63.659085
Conv2,7,100,3000,16,relu,<class 'torch.optim.adam.Adam'>,<class 'torch.nn.modules.loss.CrossEntropyLoss'>,59.3369056,0.920877653,0.751242001,0.827455104,0.741446303,64.372034
Conv2,8,100,3000,16,relu,<class 'torch.optim.adam.Adam'>,<class 'torch.nn.modules.loss.CrossEntropyLoss'>,56.39054713,0.886224263,0.771903962,0.825123183,0.747100352,65.092243
Conv2,9,100,3000,16,relu,<class 'torch.optim.adam.Adam'>,<class 'torch.nn.modules.loss.CrossEntropyLoss'>,53.08659306,0.854449589,0.786280392,0.818948841,0.745655634,64.873055
Conv2,10,100,3000,16,relu,<class 'torch.optim.adam.Adam'>,<class 'torch.nn.modules.loss.CrossEntropyLoss'>,50.24856144,0.871563937,0.775881889,0.820944353,0.744044366,64.566887
Conv2,1,100,4000,16,leaky_relu,<class 'torch.optim.adam.Adam'>,<class 'torch.nn.modules.loss.CrossEntropyLoss'>,80.2538096,0.915721543,0.753267226,0.826587979,0.740770246,65.345722
Conv2,2,100,4000,16,leaky_relu,<class 'torch.optim.adam.Adam'>,<class 'torch.nn.modules.loss.CrossEntropyLoss'>,74.08694056,0.890987531,0.777515705,0.830393114,0.754437148,65.126476
Conv2,3,100,4000,16,leaky_relu,<class 'torch.optim.adam.Adam'>,<class 'torch.nn.modules.loss.CrossEntropyLoss'>,70.5748795,0.924933191,0.769881757,0.840314975,0.762827817,64.118102
Conv2,4,100,4000,16,leaky_relu,<class 'torch.optim.adam.Adam'>,<class 'torch.nn.modules.loss.CrossEntropyLoss'>,66.87611794,0.923848179,0.772408664,0.841368264,0.764963204,65.288091
Conv2,5,100,4000,16,leaky_relu,<class 'torch.optim.adam.Adam'>,<class 'torch.nn.modules.loss.CrossEntropyLoss'>,64.27231622,0.972109849,0.747590865,0.845194093,0.759742077,64.691589
Conv2,6,100,4000,16,leaky_relu,<class 'torch.optim.adam.Adam'>,<class 'torch.nn.modules.loss.CrossEntropyLoss'>,61.73430267,0.851202164,0.816075393,0.833268748,0.770175704,65.713977
Conv2,7,100,4000,16,leaky_relu,<class 'torch.optim.adam.Adam'>,<class 'torch.nn.modules.loss.CrossEntropyLoss'>,59.93451881,0.866267872,0.815511488,0.840123762,0.777554225,66.303226
Conv2,8,100,4000,16,leaky_relu,<class 'torch.optim.adam.Adam'>,<class 'torch.nn.modules.loss.CrossEntropyLoss'>,57.5020566,0.916912238,0.796798252,0.85264585,0.786177817,65.708843
Conv2,9,100,4000,16,leaky_relu,<class 'torch.optim.adam.Adam'>,<class 'torch.nn.modules.loss.CrossEntropyLoss'>,54.75697525,0.93355432,0.791047027,0.856412841,0.788795423,67.425888
Conv2,10,100,4000,16,leaky_relu,<class 'torch.optim.adam.Adam'>,<class 'torch.nn.modules.loss.CrossEntropyLoss'>,52.69823125,0.912367867,0.794806326,0.849539262,0.78195757,65.751219
Conv2,1,100,4000,16,relu,<class 'torch.optim.adam.Adam'>,<class 'torch.nn.modules.loss.CrossEntropyLoss'>,83.0447804,0.931464751,0.721583664,0.813200318,0.71172412,67.197536
Conv2,2,100,4000,16,relu,<class 'torch.optim.adam.Adam'>,<class 'torch.nn.modules.loss.CrossEntropyLoss'>,77.29725909,0.971510508,0.722462915,0.828679251,0.729395951,66.57196
Conv2,3,100,4000,16,relu,<class 'torch.optim.adam.Adam'>,<class 'torch.nn.modules.loss.CrossEntropyLoss'>,73.40349966,0.9449265,0.738801638,0.829246991,0.737852465,66.477206
Conv2,4,100,4000,16,relu,<class 'torch.optim.adam.Adam'>,<class 'torch.nn.modules.loss.CrossEntropyLoss'>,69.81825182,0.927568321,0.767848288,0.840184936,0.7622875,66.546954
Conv2,5,100,4000,16,relu,<class 'torch.optim.adam.Adam'>,<class 'torch.nn.modules.loss.CrossEntropyLoss'>,67.8361991,0.882418709,0.79165002,0.834573606,0.76434419,65.772522
Conv2,6,100,4000,16,relu,<class 'torch.optim.adam.Adam'>,<class 'torch.nn.modules.loss.CrossEntropyLoss'>,64.13569158,0.95375508,0.754553424,0.842540045,0.759851585,67.008346
Conv2,7,100,4000,16,relu,<class 'torch.optim.adam.Adam'>,<class 'torch.nn.modules.loss.CrossEntropyLoss'>,62.58935589,0.870798675,0.796471623,0.831978396,0.763062324,65.986644
Conv2,8,100,4000,16,relu,<class 'torch.optim.adam.Adam'>,<class 'torch.nn.modules.loss.CrossEntropyLoss'>,59.96195421,0.957416559,0.762443876,0.848878639,0.77036162,66.06692
Conv2,9,100,4000,16,relu,<class 'torch.optim.adam.Adam'>,<class 'torch.nn.modules.loss.CrossEntropyLoss'>,57.73734137,0.929010175,0.785608661,0.851312751,0.781390845,66.729683
Conv2,10,100,4000,16,relu,<class 'torch.optim.adam.Adam'>,<class 'torch.nn.modules.loss.CrossEntropyLoss'>,54.74750246,0.921218883,0.793607026,0.852664722,0.785535915,66.51567
Conv3,1,100,2000,16,leaky_relu,<class 'torch.optim.adam.Adam'>,<class 'torch.nn.modules.loss.CrossEntropyLoss'>,84.64439434,0.875529969,0.727306859,0.794564912,0.693842077,61.405278
Conv3,2,100,2000,16,leaky_relu,<class 'torch.optim.adam.Adam'>,<class 'torch.nn.modules.loss.CrossEntropyLoss'>,80.20926997,0.90161048,0.760126831,0.824845555,0.741061444,60.945856
Conv3,3,100,2000,16,leaky_relu,<class 'torch.optim.adam.Adam'>,<class 'torch.nn.modules.loss.CrossEntropyLoss'>,76.03637788,0.929429588,0.758133716,0.83508797,0.75176338,61.214554
Conv3,4,100,2000,16,leaky_relu,<class 'torch.optim.adam.Adam'>,<class 'torch.nn.modules.loss.CrossEntropyLoss'>,73.97366562,0.947940513,0.754013635,0.839928705,0.75566743,60.313457
Conv3,5,100,2000,16,leaky_relu,<class 'torch.optim.adam.Adam'>,<class 'torch.nn.modules.loss.CrossEntropyLoss'>,72.75068998,0.918025092,0.768616464,0.836703208,0.757679577,61.349047
Conv3,6,100,2000,16,leaky_relu,<class 'torch.optim.adam.Adam'>,<class 'torch.nn.modules.loss.CrossEntropyLoss'>,69.74625129,0.956610585,0.748444293,0.839820163,0.753233627,60.752065
Conv3,7,100,2000,16,leaky_relu,<class 'torch.optim.adam.Adam'>,<class 'torch.nn.modules.loss.CrossEntropyLoss'>,68.66868427,0.882194589,0.791225,0.834237173,0.762922007,60.015709
Conv3,8,100,2000,16,leaky_relu,<class 'torch.optim.adam.Adam'>,<class 'torch.nn.modules.loss.CrossEntropyLoss'>,67.09915474,0.902521694,0.791905622,0.843603024,0.773703873,59.750233
Conv3,9,100,2000,16,leaky_relu,<class 'torch.optim.adam.Adam'>,<class 'torch.nn.modules.loss.CrossEntropyLoss'>,65.10471553,0.874146746,0.802949821,0.83703704,0.769825176,60.606428
Conv3,10,100,2000,16,leaky_relu,<class 'torch.optim.adam.Adam'>,<class 'torch.nn.modules.loss.CrossEntropyLoss'>,62.93647707,0.885221642,0.803234424,0.842237486,0.775740669,60.431679
Conv3,1,100,2000,16,relu,<class 'torch.optim.adam.Adam'>,<class 'torch.nn.modules.loss.CrossEntropyLoss'>,85.15380585,0.871701939,0.727990607,0.793390987,0.692241725,60.342661
Conv3,2,100,2000,16,relu,<class 'torch.optim.adam.Adam'>,<class 'torch.nn.modules.loss.CrossEntropyLoss'>,82.29572672,0.814518284,0.746636266,0.779101455,0.686902641,62.565349
Conv3,3,100,2000,16,relu,<class 'torch.optim.adam.Adam'>,<class 'torch.nn.modules.loss.CrossEntropyLoss'>,79.39985433,0.95454235,0.725613744,0.824481786,0.724503521,61.059767
Conv3,4,100,2000,16,relu,<class 'torch.optim.adam.Adam'>,<class 'torch.nn.modules.loss.CrossEntropyLoss'>,75.72912553,0.931396028,0.760514596,0.837325877,0.754677113,61.685169
Conv3,5,100,2000,16,relu,<class 'torch.optim.adam.Adam'>,<class 'torch.nn.modules.loss.CrossEntropyLoss'>,73.82211712,0.933504158,0.767339595,0.842305122,0.763056866,61.223611
Conv3,6,100,2000,16,relu,<class 'torch.optim.adam.Adam'>,<class 'torch.nn.modules.loss.CrossEntropyLoss'>,72.71342283,0.888456603,0.793539874,0.838320116,0.767693134,61.609595
Conv3,7,100,2000,16,relu,<class 'torch.optim.adam.Adam'>,<class 'torch.nn.modules.loss.CrossEntropyLoss'>,72.13767365,0.872076453,0.800100222,0.834539285,0.76558662,62.507448
Conv3,8,100,2000,16,relu,<class 'torch.optim.adam.Adam'>,<class 'torch.nn.modules.loss.CrossEntropyLoss'>,70.32744128,0.861692151,0.812130306,0.836177466,0.771120423,61.666063
Conv3,9,100,2000,16,relu,<class 'torch.optim.adam.Adam'>,<class 'torch.nn.modules.loss.CrossEntropyLoss'>,69.65471599,0.799140905,0.82916553,0.813876403,0.752231514,61.325874
Conv3,10,100,2000,16,relu,<class 'torch.optim.adam.Adam'>,<class 'torch.nn.modules.loss.CrossEntropyLoss'>,69.67693698,0.856368193,0.820846503,0.838231191,0.775936444,60.706961
Conv3,1,100,3000,16,leaky_relu,<class 'torch.optim.adam.Adam'>,<class 'torch.nn.modules.loss.CrossEntropyLoss'>,80.45960137,0.897273953,0.741756013,0.812136891,0.720722007,64.061846
Conv3,2,100,3000,16,leaky_relu,<class 'torch.optim.adam.Adam'>,<class 'torch.nn.modules.loss.CrossEntropyLoss'>,78.2356945,0.913493318,0.738090189,0.816477584,0.723719894,63.737077
Conv3,3,100,3000,16,leaky_relu,<class 'torch.optim.adam.Adam'>,<class 'torch.nn.modules.loss.CrossEntropyLoss'>,77.40034282,0.876810024,0.756112119,0.812000362,0.726847183,62.773767
Conv3,4,100,3000,16,leaky_relu,<class 'torch.optim.adam.Adam'>,<class 'torch.nn.modules.loss.CrossEntropyLoss'>,77.08960673,0.883173992,0.759831541,0.816873032,0.733594366,62.050523
Conv3,5,100,3000,16,leaky_relu,<class 'torch.optim.adam.Adam'>,<class 'torch.nn.modules.loss.CrossEntropyLoss'>,76.32082704,0.868179584,0.767085182,0.814507483,0.733964085,64.260644
Conv3,6,100,3000,16,leaky_relu,<class 'torch.optim.adam.Adam'>,<class 'torch.nn.modules.loss.CrossEntropyLoss'>,75.70449921,0.949778587,0.73030995,0.825709761,0.730246303,63.603517
Conv3,7,100,3000,16,leaky_relu,<class 'torch.optim.adam.Adam'>,<class 'torch.nn.modules.loss.CrossEntropyLoss'>,75.37648612,0.851015529,0.777551619,0.812626612,0.735969718,63.51824
Conv3,8,100,3000,16,leaky_relu,<class 'torch.optim.adam.Adam'>,<class 'torch.nn.modules.loss.CrossEntropyLoss'>,74.7682479,0.845288769,0.779359802,0.810986572,0.734916021,63.631498
Conv3,9,100,3000,16,leaky_relu,<class 'torch.optim.adam.Adam'>,<class 'torch.nn.modules.loss.CrossEntropyLoss'>,73.99780867,0.898785458,0.762539533,0.825075704,0.743603697,62.738406
Conv3,10,100,3000,16,leaky_relu,<class 'torch.optim.adam.Adam'>,<class 'torch.nn.modules.loss.CrossEntropyLoss'>,73.59126756,0.854219102,0.779672202,0.815245037,0.739518662,62.482832
Conv3,1,100,3000,16,relu,<class 'torch.optim.adam.Adam'>,<class 'torch.nn.modules.loss.CrossEntropyLoss'>,84.84857303,0.932828613,0.689705988,0.793052401,0.678030634,61.671224
Conv3,2,100,3000,16,relu,<class 'torch.optim.adam.Adam'>,<class 'torch.nn.modules.loss.CrossEntropyLoss'>,82.98747626,0.905464425,0.742565594,0.815964176,0.72987993,61.356203
Conv3,3,100,3000,16,relu,<class 'torch.optim.adam.Adam'>,<class 'torch.nn.modules.loss.CrossEntropyLoss'>,76.73536932,0.806591726,0.78223632,0.794227349,0.723591901,62.707578
Conv3,4,100,3000,16,relu,<class 'torch.optim.adam.Adam'>,<class 'torch.nn.modules.loss.CrossEntropyLoss'>,75.38889617,0.937893295,0.743628326,0.829539165,0.745085035,61.983941
Conv3,5,100,3000,16,relu,<class 'torch.optim.adam.Adam'>,<class 'torch.nn.modules.loss.CrossEntropyLoss'>,73.02514726,0.887539579,0.772718708,0.826158727,0.752980458,62.245136
Conv3,6,100,3000,16,relu,<class 'torch.optim.adam.Adam'>,<class 'torch.nn.modules.loss.CrossEntropyLoss'>,70.99052393,0.951105924,0.746257995,0.836320829,0.753791197,61.622572
Conv3,7,100,3000,16,relu,<class 'torch.optim.adam.Adam'>,<class 'torch.nn.modules.loss.CrossEntropyLoss'>,69.1646449,0.929387558,0.763496785,0.838314106,0.762908275,62.195311
Conv3,8,100,3000,16,relu,<class 'torch.optim.adam.Adam'>,<class 'torch.nn.modules.loss.CrossEntropyLoss'>,67.03305301,0.871137731,0.801974088,0.835126355,0.772521655,61.41955
Conv3,9,100,3000,16,relu,<class 'torch.optim.adam.Adam'>,<class 'torch.nn.modules.loss.CrossEntropyLoss'>,64.88916019,0.938727603,0.778254081,0.850991708,0.782590317,61.6996
Conv3,10,100,3000,16,relu,<class 'torch.optim.adam.Adam'>,<class 'torch.nn.modules.loss.CrossEntropyLoss'>,62.69961727,0.904596574,0.802502234,0.85049649,0.789676408,62.468641
Conv3,1,100,4000,16,leaky_relu,<class 'torch.optim.adam.Adam'>,<class 'torch.nn.modules.loss.CrossEntropyLoss'>,85.71473926,0.900289789,0.713678031,0.796195607,0.689383627,66.99265
Conv3,2,100,4000,16,leaky_relu,<class 'torch.optim.adam.Adam'>,<class 'torch.nn.modules.loss.CrossEntropyLoss'>,84.97173813,0.895265433,0.716870684,0.796197712,0.691121127,66.731065
Conv3,3,100,4000,16,leaky_relu,<class 'torch.optim.adam.Adam'>,<class 'torch.nn.modules.loss.CrossEntropyLoss'>,84.16130236,0.918096434,0.709275294,0.800288105,0.691188028,66.000987
Conv3,4,100,4000,16,leaky_relu,<class 'torch.optim.adam.Adam'>,<class 'torch.nn.modules.loss.CrossEntropyLoss'>,83.01342666,0.922150037,0.707476941,0.800673892,0.690572887,66.035278
Conv3,5,100,4000,16,leaky_relu,<class 'torch.optim.adam.Adam'>,<class 'torch.nn.modules.loss.CrossEntropyLoss'>,82.59628075,0.861751437,0.732212991,0.791718543,0.694430458,65.926106
Conv3,6,100,4000,16,leaky_relu,<class 'torch.optim.adam.Adam'>,<class 'torch.nn.modules.loss.CrossEntropyLoss'>,80.62338629,0.930015337,0.750870026,0.830896212,0.744879754,66.447222
Conv3,7,100,4000,16,leaky_relu,<class 'torch.optim.adam.Adam'>,<class 'torch.nn.modules.loss.CrossEntropyLoss'>,76.75485358,0.8624283,0.778758171,0.818460422,0.742163204,66.780094
Conv3,8,100,4000,16,leaky_relu,<class 'torch.optim.adam.Adam'>,<class 'torch.nn.modules.loss.CrossEntropyLoss'>,71.90071499,0.927661338,0.772743198,0.843145232,0.7673875,65.836991
Conv3,9,100,4000,16,leaky_relu,<class 'torch.optim.adam.Adam'>,<class 'torch.nn.modules.loss.CrossEntropyLoss'>,69.80564639,0.949283599,0.767317639,0.848656093,0.77182007,66.255304
Conv3,10,100,4000,16,leaky_relu,<class 'torch.optim.adam.Adam'>,<class 'torch.nn.modules.loss.CrossEntropyLoss'>,68.4086363,0.850468122,0.81668822,0.833235947,0.770575,65.91553
Conv3,1,100,4000,16,relu,<class 'torch.optim.adam.Adam'>,<class 'torch.nn.modules.loss.CrossEntropyLoss'>,84.09322989,0.872156708,0.749381009,0.806120841,0.715005282,64.672141
Conv3,2,100,4000,16,relu,<class 'torch.optim.adam.Adam'>,<class 'torch.nn.modules.loss.CrossEntropyLoss'>,79.80491704,0.862228493,0.767644078,0.812191834,0.729112148,64.170924
Conv3,3,100,4000,16,relu,<class 'torch.optim.adam.Adam'>,<class 'torch.nn.modules.loss.CrossEntropyLoss'>,78.52770826,0.878231451,0.765872839,0.818212834,0.734895423,64.708691
Conv3,4,100,4000,16,relu,<class 'torch.optim.adam.Adam'>,<class 'torch.nn.modules.loss.CrossEntropyLoss'>,76.63783973,0.861713798,0.784513435,0.821303449,0.745266021,64.649638
Conv3,5,100,4000,16,relu,<class 'torch.optim.adam.Adam'>,<class 'torch.nn.modules.loss.CrossEntropyLoss'>,74.14203075,0.934908758,0.752182984,0.833650527,0.746535035,65.410742
Conv3,6,100,4000,16,relu,<class 'torch.optim.adam.Adam'>,<class 'torch.nn.modules.loss.CrossEntropyLoss'>,73.09102631,0.946935144,0.757491695,0.8416853,0.758006866,64.028847
Conv3,7,100,4000,16,relu,<class 'torch.optim.adam.Adam'>,<class 'torch.nn.modules.loss.CrossEntropyLoss'>,72.8828859,0.854041583,0.803545016,0.828024138,0.759001232,64.434147
Conv3,8,100,4000,16,relu,<class 'torch.optim.adam.Adam'>,<class 'torch.nn.modules.loss.CrossEntropyLoss'>,71.04508388,0.902274634,0.793111139,0.844178445,0.773721479,64.429487
Conv3,9,100,4000,16,relu,<class 'torch.optim.adam.Adam'>,<class 'torch.nn.modules.loss.CrossEntropyLoss'>,71.90948179,0.929117796,0.777263181,0.84643355,0.770973592,63.726797
Conv3,10,100,4000,16,relu,<class 'torch.optim.adam.Adam'>,<class 'torch.nn.modules.loss.CrossEntropyLoss'>,70.70728004,0.931864907,0.776450089,0.847088028,0.771452113,65.909769
Hidden1,1,100,2000,16,leaky_relu,<class 'torch.optim.adam.Adam'>,<class 'torch.nn.modules.loss.CrossEntropyLoss'>,82.97382364,0.888518169,0.754811194,0.81622525,0.728305986,64.044066
Hidden1,2,100,2000,16,leaky_relu,<class 'torch.optim.adam.Adam'>,<class 'torch.nn.modules.loss.CrossEntropyLoss'>,76.83938491,0.936917221,0.749803562,0.832981815,0.744866549,63.803483
Hidden1,3,100,2000,16,leaky_relu,<class 'torch.optim.adam.Adam'>,<class 'torch.nn.modules.loss.CrossEntropyLoss'>,73.30688527,0.869399975,0.790482277,0.828065089,0.754835739,63.449317
Hidden1,4,100,2000,16,leaky_relu,<class 'torch.optim.adam.Adam'>,<class 'torch.nn.modules.loss.CrossEntropyLoss'>,71.29898939,0.916341181,0.777356175,0.841146115,0.764970951,64.212178
Hidden1,5,100,2000,16,leaky_relu,<class 'torch.optim.adam.Adam'>,<class 'torch.nn.modules.loss.CrossEntropyLoss'>,69.50869125,0.901420746,0.78574628,0.839618114,0.76614912,62.882171
Hidden1,6,100,2000,16,leaky_relu,<class 'torch.optim.adam.Adam'>,<class 'torch.nn.modules.loss.CrossEntropyLoss'>,68.55157036,0.888268756,0.800148021,0.841908819,0.773470423,62.931149
Hidden1,7,100,2000,16,leaky_relu,<class 'torch.optim.adam.Adam'>,<class 'torch.nn.modules.loss.CrossEntropyLoss'>,66.86333215,0.870704337,0.809672115,0.839079864,0.773214261,63.716447
Hidden1,8,100,2000,16,leaky_relu,<class 'torch.optim.adam.Adam'>,<class 'torch.nn.modules.loss.CrossEntropyLoss'>,65.46107036,0.917721767,0.784248983,0.845751741,0.772685915,63.54672
Hidden1,9,100,2000,16,leaky_relu,<class 'torch.optim.adam.Adam'>,<class 'torch.nn.modules.loss.CrossEntropyLoss'>,64.22557247,0.87850484,0.811760112,0.843814677,0.779161268,63.47758
Hidden1,10,100,2000,16,leaky_relu,<class 'torch.optim.adam.Adam'>,<class 'torch.nn.modules.loss.CrossEntropyLoss'>,63.02881834,0.948475769,0.776239889,0.853757803,0.77935088,63.600149
Hidden1,1,100,2000,16,relu,<class 'torch.optim.adam.Adam'>,<class 'torch.nn.modules.loss.CrossEntropyLoss'>,84.22850016,0.66432947,0.806132278,0.728393553,0.658694366,57.583312
Hidden1,2,100,2000,16,relu,<class 'torch.optim.adam.Adam'>,<class 'torch.nn.modules.loss.CrossEntropyLoss'>,79.58138049,0.686265094,0.807930492,0.742144469,0.671476937,58.081557
Hidden1,3,100,2000,16,relu,<class 'torch.optim.adam.Adam'>,<class 'torch.nn.modules.loss.CrossEntropyLoss'>,77.11420706,0.701193473,0.80913604,0.751307453,0.680207042,57.112239
Hidden1,4,100,2000,16,relu,<class 'torch.optim.adam.Adam'>,<class 'torch.nn.modules.loss.CrossEntropyLoss'>,74.97640914,0.72469569,0.810371459,0.76514269,0.69351919,61.647414
Hidden1,5,100,2000,16,relu,<class 'torch.optim.adam.Adam'>,<class 'torch.nn.modules.loss.CrossEntropyLoss'>,72.20936555,0.762912892,0.798047414,0.780084744,0.703670775,61.459375
Hidden1,6,100,2000,16,relu,<class 'torch.optim.adam.Adam'>,<class 'torch.nn.modules.loss.CrossEntropyLoss'>,70.64793745,0.749418725,0.824124814,0.784998384,0.717197359,60.819045
Hidden1,7,100,2000,16,relu,<class 'torch.optim.adam.Adam'>,<class 'torch.nn.modules.loss.CrossEntropyLoss'>,69.17000413,0.769886147,0.819316724,0.793832691,0.72451162,62.345091
Hidden1,8,100,2000,16,relu,<class 'torch.optim.adam.Adam'>,<class 'torch.nn.modules.loss.CrossEntropyLoss'>,68.75455448,0.698446185,0.853213931,0.768111533,0.709481514,63.472124
Hidden1,9,100,2000,16,relu,<class 'torch.optim.adam.Adam'>,<class 'torch.nn.modules.loss.CrossEntropyLoss'>,67.32577649,0.82040481,0.811116956,0.815734446,0.744665493,62.034208
Hidden1,10,100,2000,16,relu,<class 'torch.optim.adam.Adam'>,<class 'torch.nn.modules.loss.CrossEntropyLoss'>,65.69908246,0.762303633,0.846504785,0.802200766,0.741026408,63.220742
Hidden1,1,100,3000,16,leaky_relu,<class 'torch.optim.adam.Adam'>,<class 'torch.nn.modules.loss.CrossEntropyLoss'>,83.34586206,0.899531926,0.746350961,0.81581323,0.721185915,63.010658
Hidden1,2,100,3000,16,leaky_relu,<class 'torch.optim.adam.Adam'>,<class 'torch.nn.modules.loss.CrossEntropyLoss'>,76.54629141,0.919969941,0.758286731,0.831340058,0.743765669,62.059301
Hidden1,3,100,3000,16,leaky_relu,<class 'torch.optim.adam.Adam'>,<class 'torch.nn.modules.loss.CrossEntropyLoss'>,74.14404961,0.89385631,0.779977087,0.833042813,0.754056162,61.330706
Hidden1,4,100,3000,16,leaky_relu,<class 'torch.optim.adam.Adam'>,<class 'torch.nn.modules.loss.CrossEntropyLoss'>,72.22274199,0.915463098,0.777174457,0.84066968,0.761798592,61.667188
Hidden1,5,100,3000,16,leaky_relu,<class 'torch.optim.adam.Adam'>,<class 'torch.nn.modules.loss.CrossEntropyLoss'>,70.73867214,0.916436691,0.784429476,0.845310427,0.76976162,64.012379
Hidden1,6,100,3000,16,leaky_relu,<class 'torch.optim.adam.Adam'>,<class 'torch.nn.modules.loss.CrossEntropyLoss'>,68.73567834,0.902558375,0.790353216,0.84273735,0.768772711,62.504847
Hidden1,7,100,3000,16,leaky_relu,<class 'torch.optim.adam.Adam'>,<class 'torch.nn.modules.loss.CrossEntropyLoss'>,67.01559526,0.9275594,0.787011681,0.851525015,0.77796162,63.1481
Hidden1,8,100,3000,16,leaky_relu,<class 'torch.optim.adam.Adam'>,<class 'torch.nn.modules.loss.CrossEntropyLoss'>,65.55514151,0.942050188,0.783931627,0.855748224,0.78198838,62.094704
Hidden1,9,100,3000,16,leaky_relu,<class 'torch.optim.adam.Adam'>,<class 'torch.nn.modules.loss.CrossEntropyLoss'>,64.78618756,0.945382615,0.774224276,0.851285459,0.773266197,62.342046
Hidden1,10,100,3000,16,leaky_relu,<class 'torch.optim.adam.Adam'>,<class 'torch.nn.modules.loss.CrossEntropyLoss'>,64.39342916,0.961040124,0.772469937,0.856498754,0.778944718,62.072606
Hidden1,1,100,3000,16,relu,<class 'torch.optim.adam.Adam'>,<class 'torch.nn.modules.loss.CrossEntropyLoss'>,85.24986011,0.626296753,0.776889821,0.693512298,0.634460211,59.591429
Hidden1,2,100,3000,16,relu,<class 'torch.optim.adam.Adam'>,<class 'torch.nn.modules.loss.CrossEntropyLoss'>,80.67245242,0.653424655,0.77749036,0.710079026,0.647658275,60.96705
Hidden1,3,100,3000,16,relu,<class 'torch.optim.adam.Adam'>,<class 'torch.nn.modules.loss.CrossEntropyLoss'>,78.09946442,0.636066093,0.803886227,0.71019681,0.657214613,61.927611
Hidden1,4,100,3000,16,relu,<class 'torch.optim.adam.Adam'>,<class 'torch.nn.modules.loss.CrossEntropyLoss'>,76.04525539,0.65159567,0.802918492,0.719385519,0.664322535,60.308636
Hidden1,5,100,3000,16,relu,<class 'torch.optim.adam.Adam'>,<class 'torch.nn.modules.loss.CrossEntropyLoss'>,73.42501312,0.706010376,0.77930674,0.74085007,0.67384243,60.927154
Hidden1,6,100,3000,16,relu,<class 'torch.optim.adam.Adam'>,<class 'torch.nn.modules.loss.CrossEntropyLoss'>,72.17605981,0.705933324,0.790350736,0.745760697,0.682164437,59.925733
Hidden1,7,100,3000,16,relu,<class 'torch.optim.adam.Adam'>,<class 'torch.nn.modules.loss.CrossEntropyLoss'>,70.76669541,0.70565311,0.806070357,0.752526592,0.693526056,61.656014
Hidden1,8,100,3000,16,relu,<class 'torch.optim.adam.Adam'>,<class 'torch.nn.modules.loss.CrossEntropyLoss'>,69.13211864,0.710746007,0.809168065,0.756770375,0.698308979,62.626528
Hidden1,9,100,3000,16,relu,<class 'torch.optim.adam.Adam'>,<class 'torch.nn.modules.loss.CrossEntropyLoss'>,67.96487746,0.756908418,0.784085718,0.770257416,0.70184331,61.850731
Hidden1,10,100,3000,16,relu,<class 'torch.optim.adam.Adam'>,<class 'torch.nn.modules.loss.CrossEntropyLoss'>,67.10370028,0.71649238,0.809259928,0.760055966,0.701275,61.888004
Hidden1,1,100,4000,16,leaky_relu,<class 'torch.optim.adam.Adam'>,<class 'torch.nn.modules.loss.CrossEntropyLoss'>,82.7992824,0.849763325,0.772553863,0.809321314,0.722858803,66.393992
Hidden1,2,100,4000,16,leaky_relu,<class 'torch.optim.adam.Adam'>,<class 'torch.nn.modules.loss.CrossEntropyLoss'>,76.16381577,0.924700426,0.762812535,0.835991299,0.748876056,68.484706
Hidden1,3,100,4000,16,leaky_relu,<class 'torch.optim.adam.Adam'>,<class 'torch.nn.modules.loss.CrossEntropyLoss'>,73.48922548,0.952142744,0.753824965,0.84145669,0.751663732,69.150918
Hidden1,4,100,4000,16,leaky_relu,<class 'torch.optim.adam.Adam'>,<class 'torch.nn.modules.loss.CrossEntropyLoss'>,70.53507152,0.945347092,0.762902186,0.844381874,0.758823768,68.373086
Hidden1,5,100,4000,16,leaky_relu,<class 'torch.optim.adam.Adam'>,<class 'torch.nn.modules.loss.CrossEntropyLoss'>,69.1707122,0.909566898,0.786178803,0.843383786,0.766187324,68.185077
Hidden1,6,100,4000,16,leaky_relu,<class 'torch.optim.adam.Adam'>,<class 'torch.nn.modules.loss.CrossEntropyLoss'>,67.31997335,0.95441678,0.765180552,0.849386243,0.765728521,68.032617
Hidden1,7,100,4000,16,leaky_relu,<class 'torch.optim.adam.Adam'>,<class 'torch.nn.modules.loss.CrossEntropyLoss'>,66.06183773,0.863883203,0.810255909,0.836210641,0.765767606,68.647384
Hidden1,8,100,4000,16,leaky_relu,<class 'torch.optim.adam.Adam'>,<class 'torch.nn.modules.loss.CrossEntropyLoss'>,65.0425303,0.939853287,0.7801933,0.852613229,0.775100528,69.499638
Hidden1,9,100,4000,16,leaky_relu,<class 'torch.optim.adam.Adam'>,<class 'torch.nn.modules.loss.CrossEntropyLoss'>,63.86739179,0.936819204,0.78314009,0.853113999,0.776719366,69.54935
Hidden1,10,100,4000,16,leaky_relu,<class 'torch.optim.adam.Adam'>,<class 'torch.nn.modules.loss.CrossEntropyLoss'>,62.47771977,0.96589837,0.76309022,0.852599726,0.76884331,68.704895
Hidden1,1,100,4000,16,relu,<class 'torch.optim.adam.Adam'>,<class 'torch.nn.modules.loss.CrossEntropyLoss'>,85.13879517,0.545847668,0.827728654,0.657864799,0.619203521,708.093646
Hidden1,2,100,4000,16,relu,<class 'torch.optim.adam.Adam'>,<class 'torch.nn.modules.loss.CrossEntropyLoss'>,80.06852293,0.682571949,0.791892633,0.733179629,0.666790493,62.364789
Hidden1,3,100,4000,16,relu,<class 'torch.optim.adam.Adam'>,<class 'torch.nn.modules.loss.CrossEntropyLoss'>,76.36692685,0.658439981,0.809553901,0.726219178,0.667024824,61.040456
Hidden1,4,100,4000,16,relu,<class 'torch.optim.adam.Adam'>,<class 'torch.nn.modules.loss.CrossEntropyLoss'>,74.8154864,0.725200113,0.789061233,0.755784062,0.685663732,61.146269
Hidden1,5,100,4000,16,relu,<class 'torch.optim.adam.Adam'>,<class 'torch.nn.modules.loss.CrossEntropyLoss'>,72.21043571,0.735408288,0.79808359,0.765465139,0.697746831,61.573007
Hidden1,6,100,4000,16,relu,<class 'torch.optim.adam.Adam'>,<class 'torch.nn.modules.loss.CrossEntropyLoss'>,71.46640624,0.746014667,0.804885765,0.774332863,0.708359155,61.824253
Hidden1,7,100,4000,16,relu,<class 'torch.optim.adam.Adam'>,<class 'torch.nn.modules.loss.CrossEntropyLoss'>,69.42913413,0.751918183,0.808889844,0.779364241,0.714460387,61.988978
Hidden1,8,100,4000,16,relu,<class 'torch.optim.adam.Adam'>,<class 'torch.nn.modules.loss.CrossEntropyLoss'>,68.82342693,0.751191859,0.808937921,0.778996194,0.714125352,61.738698
Hidden1,9,100,4000,16,relu,<class 'torch.optim.adam.Adam'>,<class 'torch.nn.modules.loss.CrossEntropyLoss'>,67.29224199,0.756758857,0.820007549,0.787114658,0.725447359,61.766232
Hidden1,10,100,4000,16,relu,<class 'torch.optim.adam.Adam'>,<class 'torch.nn.modules.loss.CrossEntropyLoss'>,66.6593993,0.777553461,0.808338307,0.792647091,0.727151937,61.39877
Hidden2,1,100,2000,16,leaky_relu,<class 'torch.optim.adam.Adam'>,<class 'torch.nn.modules.loss.CrossEntropyLoss'>,81.78090566,0.80224073,0.782746007,0.79237348,0.713378169,62.167424
Hidden2,2,100,2000,16,leaky_relu,<class 'torch.optim.adam.Adam'>,<class 'torch.nn.modules.loss.CrossEntropyLoss'>,77.41183633,0.698197639,0.810304295,0.750085277,0.682816021,63.867585
Hidden2,3,100,2000,16,leaky_relu,<class 'torch.optim.adam.Adam'>,<class 'torch.nn.modules.loss.CrossEntropyLoss'>,76.21802691,0.781436605,0.797538723,0.789405561,0.715755458,62.919228
Hidden2,4,100,2000,16,leaky_relu,<class 'torch.optim.adam.Adam'>,<class 'torch.nn.modules.loss.CrossEntropyLoss'>,74.34817705,0.925338345,0.760081345,0.834608042,0.749974648,62.541602
Hidden2,5,100,2000,16,leaky_relu,<class 'torch.optim.adam.Adam'>,<class 'torch.nn.modules.loss.CrossEntropyLoss'>,73.11426085,0.858771601,0.788248716,0.822000318,0.74644243,63.538204
Hidden2,6,100,2000,16,leaky_relu,<class 'torch.optim.adam.Adam'>,<class 'torch.nn.modules.loss.CrossEntropyLoss'>,71.13393521,0.926998853,0.763989976,0.837637504,0.755003169,63.895547
Hidden2,7,100,2000,16,leaky_relu,<class 'torch.optim.adam.Adam'>,<class 'torch.nn.modules.loss.CrossEntropyLoss'>,69.62597695,0.966571108,0.74414829,0.840900311,0.750649472,63.081386
Hidden2,8,100,2000,16,leaky_relu,<class 'torch.optim.adam.Adam'>,<class 'torch.nn.modules.loss.CrossEntropyLoss'>,69.43167797,0.927110156,0.770185457,0.841393513,0.761710563,63.666102
Hidden2,9,100,2000,16,leaky_relu,<class 'torch.optim.adam.Adam'>,<class 'torch.nn.modules.loss.CrossEntropyLoss'>,67.78245732,0.870370107,0.799060287,0.833192195,0.762410739,63.597988
Hidden2,10,100,2000,16,leaky_relu,<class 'torch.optim.adam.Adam'>,<class 'torch.nn.modules.loss.CrossEntropyLoss'>,66.67359219,0.876298353,0.803082829,0.838094612,0.76918081,63.70354
Hidden2,1,100,2000,16,relu,<class 'torch.optim.adam.Adam'>,<class 'torch.nn.modules.loss.CrossEntropyLoss'>,85.67870256,0.612539695,0.780953349,0.686569522,0.62826919,61.359529
Hidden2,1,100,2000,16,relu,<class 'torch.optim.adam.Adam'>,<class 'torch.nn.modules.loss.CrossEntropyLoss'>,85.66262996,0.638572177,0.777490837,0.701217405,0.639954401,60.382124
Hidden2,2,100,2000,16,relu,<class 'torch.optim.adam.Adam'>,<class 'torch.nn.modules.loss.CrossEntropyLoss'>,81.84282294,0.639136512,0.787905098,0.705766269,0.64578838,63.515513
Hidden2,2,100,2000,16,relu,<class 'torch.optim.adam.Adam'>,<class 'torch.nn.modules.loss.CrossEntropyLoss'>,82.08881837,0.647639365,0.787632322,0.710808555,0.651332923,60.145488
Hidden2,3,100,2000,16,relu,<class 'torch.optim.adam.Adam'>,<class 'torch.nn.modules.loss.CrossEntropyLoss'>,79.25841522,0.665001533,0.78982053,0.7220565,0.661270599,59.960356
Hidden2,3,100,2000,16,relu,<class 'torch.optim.adam.Adam'>,<class 'torch.nn.modules.loss.CrossEntropyLoss'>,79.76165918,0.633894863,0.790783541,0.703700741,0.645188732,59.25024
Hidden2,4,100,2000,16,relu,<class 'torch.optim.adam.Adam'>,<class 'torch.nn.modules.loss.CrossEntropyLoss'>,77.81593695,0.664451855,0.78807327,0.721001981,0.65820493,60.214717
Hidden2,4,100,2000,16,relu,<class 'torch.optim.adam.Adam'>,<class 'torch.nn.modules.loss.CrossEntropyLoss'>,76.97377968,0.687669636,0.784617043,0.732951434,0.668457042,59.267194
Hidden2,5,100,2000,16,relu,<class 'torch.optim.adam.Adam'>,<class 'torch.nn.modules.loss.CrossEntropyLoss'>,76.33680362,0.678246112,0.780872979,0.725950425,0.659633275,60.952142
Hidden2,5,100,2000,16,relu,<class 'torch.optim.adam.Adam'>,<class 'torch.nn.modules.loss.CrossEntropyLoss'>,75.71875206,0.708577786,0.770849966,0.738403294,0.667821831,59.472431
Hidden2,6,100,2000,16,relu,<class 'torch.optim.adam.Adam'>,<class 'torch.nn.modules.loss.CrossEntropyLoss'>,76.63677269,0.684429133,0.782853256,0.730340089,0.66406338,61.572786
Hidden2,6,100,2000,16,relu,<class 'torch.optim.adam.Adam'>,<class 'torch.nn.modules.loss.CrossEntropyLoss'>,76.09628722,0.669950102,0.809152901,0.733001106,0.677082042,61.560662
Hidden2,7,100,2000,16,relu,<class 'torch.optim.adam.Adam'>,<class 'torch.nn.modules.loss.CrossEntropyLoss'>,74.34150967,0.671474535,0.803761093,0.731686648,0.672671127,61.93821
Hidden2,7,100,2000,16,relu,<class 'torch.optim.adam.Adam'>,<class 'torch.nn.modules.loss.CrossEntropyLoss'>,73.62546405,0.7102627,0.781647153,0.744247136,0.677026232,59.319287
Hidden2,8,100,2000,16,relu,<class 'torch.optim.adam.Adam'>,<class 'torch.nn.modules.loss.CrossEntropyLoss'>,73.72205219,0.689979628,0.788119812,0.735791653,0.670644014,62.253151
Hidden2,8,100,2000,16,relu,<class 'torch.optim.adam.Adam'>,<class 'torch.nn.modules.loss.CrossEntropyLoss'>,72.7944575,0.70945723,0.798310068,0.751265597,0.689176761,59.292043
Hidden2,9,100,2000,16,relu,<class 'torch.optim.adam.Adam'>,<class 'torch.nn.modules.loss.CrossEntropyLoss'>,72.26223889,0.665808024,0.817695846,0.733976455,0.679207218,60.900437
Hidden2,9,100,2000,16,relu,<class 'torch.optim.adam.Adam'>,<class 'torch.nn.modules.loss.CrossEntropyLoss'>,71.24942121,0.730854463,0.78892435,0.758779998,0.69255088,60.812477
Hidden2,10,100,2000,16,relu,<class 'torch.optim.adam.Adam'>,<class 'torch.nn.modules.loss.CrossEntropyLoss'>,71.65121043,0.696997276,0.795194686,0.742864918,0.679284331,64.698992
Hidden2,10,100,2000,16,relu,<class 'torch.optim.adam.Adam'>,<class 'torch.nn.modules.loss.CrossEntropyLoss'>,70.46828538,0.728248328,0.802483572,0.763565873,0.701607394,61.398539
Hidden2,1,100,3000,16,leaky_relu,<class 'torch.optim.adam.Adam'>,<class 'torch.nn.modules.loss.CrossEntropyLoss'>,82.72651181,0.895169103,0.739944986,0.810189202,0.717646479,63.430545
Hidden2,2,100,3000,16,leaky_relu,<class 'torch.optim.adam.Adam'>,<class 'torch.nn.modules.loss.CrossEntropyLoss'>,77.90971315,0.849854169,0.763345453,0.804280272,0.721564085,62.892711
Hidden2,3,100,3000,16,leaky_relu,<class 'torch.optim.adam.Adam'>,<class 'torch.nn.modules.loss.CrossEntropyLoss'>,75.54353219,0.852600275,0.782526467,0.816061855,0.741269366,62.925536
Hidden2,4,100,3000,16,leaky_relu,<class 'torch.optim.adam.Adam'>,<class 'torch.nn.modules.loss.CrossEntropyLoss'>,74.29980469,0.974961528,0.725324935,0.83181737,0.734604049,63.079344
Hidden2,5,100,3000,16,leaky_relu,<class 'torch.optim.adam.Adam'>,<class 'torch.nn.modules.loss.CrossEntropyLoss'>,72.26893604,0.87592413,0.789356399,0.830390202,0.759126585,63.062149
Hidden2,6,100,3000,16,leaky_relu,<class 'torch.optim.adam.Adam'>,<class 'torch.nn.modules.loss.CrossEntropyLoss'>,70.4278167,0.979927011,0.731102977,0.837422558,0.743868486,63.454773
Hidden2,7,100,3000,16,leaky_relu,<class 'torch.optim.adam.Adam'>,<class 'torch.nn.modules.loss.CrossEntropyLoss'>,69.71728963,0.943818855,0.760118517,0.842066382,0.761674472,63.198054
Hidden2,8,100,3000,16,leaky_relu,<class 'torch.optim.adam.Adam'>,<class 'torch.nn.modules.loss.CrossEntropyLoss'>,68.63428223,0.841382301,0.79993366,0.820134623,0.751566901,63.02597
Hidden2,9,100,3000,16,leaky_relu,<class 'torch.optim.adam.Adam'>,<class 'torch.nn.modules.loss.CrossEntropyLoss'>,67.58004278,0.820799844,0.820906762,0.820853299,0.758823944,63.869152
Hidden2,10,100,3000,16,leaky_relu,<class 'torch.optim.adam.Adam'>,<class 'torch.nn.modules.loss.CrossEntropyLoss'>,68.48856208,0.87357111,0.771500352,0.819369169,0.740722887,63.447066
Hidden2,1,100,3000,16,relu,<class 'torch.optim.adam.Adam'>,<class 'torch.nn.modules.loss.CrossEntropyLoss'>,84.41920894,0.610741089,0.801456787,0.69322097,0.634852641,63.903815
Hidden2,1,100,3000,16,relu,<class 'torch.optim.adam.Adam'>,<class 'torch.nn.modules.loss.CrossEntropyLoss'>,84.9993698,0.585427387,0.790897268,0.67282515,0.62815,63.194461
Hidden2,2,100,3000,16,relu,<class 'torch.optim.adam.Adam'>,<class 'torch.nn.modules.loss.CrossEntropyLoss'>,79.92189336,0.662452712,0.784679132,0.71840423,0.649192254,65.633565
Hidden2,2,100,3000,16,relu,<class 'torch.optim.adam.Adam'>,<class 'torch.nn.modules.loss.CrossEntropyLoss'>,80.8278442,0.642896095,0.77532902,0.702929308,0.6451,62.212604
Hidden2,3,100,3000,16,relu,<class 'torch.optim.adam.Adam'>,<class 'torch.nn.modules.loss.CrossEntropyLoss'>,79.2436077,0.601226525,0.814772234,0.691897046,0.63829912,64.544798
Hidden2,3,100,3000,16,relu,<class 'torch.optim.adam.Adam'>,<class 'torch.nn.modules.loss.CrossEntropyLoss'>,79.15847397,0.64908128,0.775629192,0.706735015,0.648180634,61.622076
Hidden2,4,100,3000,16,relu,<class 'torch.optim.adam.Adam'>,<class 'torch.nn.modules.loss.CrossEntropyLoss'>,77.56123647,0.682085719,0.786039416,0.730382237,0.659831338,65.636989
Hidden2,4,100,3000,16,relu,<class 'torch.optim.adam.Adam'>,<class 'torch.nn.modules.loss.CrossEntropyLoss'>,77.92621228,0.655266195,0.774942808,0.710097369,0.650562852,62.262479
Hidden2,5,100,3000,16,relu,<class 'torch.optim.adam.Adam'>,<class 'torch.nn.modules.loss.CrossEntropyLoss'>,75.25260863,0.682093798,0.793377404,0.733538962,0.665256866,67.063972
Hidden2,5,100,3000,16,relu,<class 'torch.optim.adam.Adam'>,<class 'torch.nn.modules.loss.CrossEntropyLoss'>,76.83685917,0.670882944,0.778893568,0.720864775,0.660668134,62.407239
Hidden2,6,100,3000,16,relu,<class 'torch.optim.adam.Adam'>,<class 'torch.nn.modules.loss.CrossEntropyLoss'>,74.35011631,0.664898986,0.812046687,0.731142694,0.669681866,65.576178
Hidden2,6,100,3000,16,relu,<class 'torch.optim.adam.Adam'>,<class 'torch.nn.modules.loss.CrossEntropyLoss'>,75.71874413,0.658965445,0.799908182,0.722628528,0.669610387,64.479031
Hidden2,7,100,3000,16,relu,<class 'torch.optim.adam.Adam'>,<class 'torch.nn.modules.loss.CrossEntropyLoss'>,73.61509696,0.686189861,0.80265716,0.739868096,0.674057746,66.868005
Hidden2,7,100,3000,16,relu,<class 'torch.optim.adam.Adam'>,<class 'torch.nn.modules.loss.CrossEntropyLoss'>,74.97764227,0.642138885,0.811267794,0.716862808,0.668711092,64.819347
Hidden2,8,100,3000,16,relu,<class 'torch.optim.adam.Adam'>,<class 'torch.nn.modules.loss.CrossEntropyLoss'>,73.07166374,0.686500011,0.806669754,0.741749274,0.677089613,66.625576
Hidden2,8,100,3000,16,relu,<class 'torch.optim.adam.Adam'>,<class 'torch.nn.modules.loss.CrossEntropyLoss'>,74.48560041,0.680435812,0.783994869,0.728553686,0.668848592,64.1772
Hidden2,9,100,3000,16,relu,<class 'torch.optim.adam.Adam'>,<class 'torch.nn.modules.loss.CrossEntropyLoss'>,71.66134116,0.694586843,0.799521252,0.743369163,0.676042606,66.539521
Hidden2,9,100,3000,16,relu,<class 'torch.optim.adam.Adam'>,<class 'torch.nn.modules.loss.CrossEntropyLoss'>,73.70439598,0.680516952,0.78968073,0.731046076,0.672968838,64.544778
Hidden2,10,100,3000,16,relu,<class 'torch.optim.adam.Adam'>,<class 'torch.nn.modules.loss.CrossEntropyLoss'>,71.73651335,0.684326095,0.815894413,0.744341028,0.682452113,65.784582
Hidden2,10,100,3000,16,relu,<class 'torch.optim.adam.Adam'>,<class 'torch.nn.modules.loss.CrossEntropyLoss'>,72.28364104,0.664538446,0.805822786,0.728392738,0.676322183,65.161394
Hidden2,1,100,4000,16,leaky_relu,<class 'torch.optim.adam.Adam'>,<class 'torch.nn.modules.loss.CrossEntropyLoss'>,82.49642664,0.902668992,0.735667748,0.810656867,0.719023592,61.525002
Hidden2,2,100,4000,16,leaky_relu,<class 'torch.optim.adam.Adam'>,<class 'torch.nn.modules.loss.CrossEntropyLoss'>,78.78625619,0.83034091,0.775495927,0.801981844,0.726771655,59.735507
Hidden2,3,100,4000,16,leaky_relu,<class 'torch.optim.adam.Adam'>,<class 'torch.nn.modules.loss.CrossEntropyLoss'>,76.70449129,0.91419472,0.748580596,0.823139989,0.738227817,60.876072
Hidden2,4,100,4000,16,leaky_relu,<class 'torch.optim.adam.Adam'>,<class 'torch.nn.modules.loss.CrossEntropyLoss'>,73.86017045,0.908471884,0.765804718,0.831059879,0.753883451,62.388067
Hidden2,5,100,4000,16,leaky_relu,<class 'torch.optim.adam.Adam'>,<class 'torch.nn.modules.loss.CrossEntropyLoss'>,72.49521935,0.849826294,0.786508491,0.816942354,0.746221127,61.292617
Hidden2,6,100,4000,16,leaky_relu,<class 'torch.optim.adam.Adam'>,<class 'torch.nn.modules.loss.CrossEntropyLoss'>,72.22308618,0.825229726,0.788805755,0.80660675,0.736316373,61.101533
Hidden2,7,100,4000,16,leaky_relu,<class 'torch.optim.adam.Adam'>,<class 'torch.nn.modules.loss.CrossEntropyLoss'>,70.50492144,0.916464831,0.765072074,0.833953328,0.756817077,61.402767
Hidden2,8,100,4000,16,leaky_relu,<class 'torch.optim.adam.Adam'>,<class 'torch.nn.modules.loss.CrossEntropyLoss'>,69.39283174,0.977289114,0.728202245,0.834556121,0.741805458,62.769458
Hidden2,9,100,4000,16,leaky_relu,<class 'torch.optim.adam.Adam'>,<class 'torch.nn.modules.loss.CrossEntropyLoss'>,69.38073739,0.921146142,0.765214574,0.835971149,0.759127993,63.00778
Hidden2,10,100,4000,16,leaky_relu,<class 'torch.optim.adam.Adam'>,<class 'torch.nn.modules.loss.CrossEntropyLoss'>,67.8180649,0.904633145,0.779913701,0.837656472,0.766347535,62.733736
Hidden2,1,100,4000,16,relu,<class 'torch.optim.adam.Adam'>,<class 'torch.nn.modules.loss.CrossEntropyLoss'>,85.11070609,0.585447508,0.815513905,0.681589912,0.630995951,524.562224
Hidden2,1,100,4000,16,relu,<class 'torch.optim.adam.Adam'>,<class 'torch.nn.modules.loss.CrossEntropyLoss'>,85.94903052,0.585080605,0.792207551,0.673069425,0.613537324,416.760604
Hidden2,2,100,4000,16,relu,<class 'torch.optim.adam.Adam'>,<class 'torch.nn.modules.loss.CrossEntropyLoss'>,83.34626871,0.580678505,0.80240357,0.67376841,0.617662148,63.614324
Hidden2,2,100,4000,16,relu,<class 'torch.optim.adam.Adam'>,<class 'torch.nn.modules.loss.CrossEntropyLoss'>,81.45965844,0.631550391,0.800782998,0.706169135,0.645451056,60.638577
Hidden2,3,100,4000,16,relu,<class 'torch.optim.adam.Adam'>,<class 'torch.nn.modules.loss.CrossEntropyLoss'>,79.53902462,0.601271873,0.803827983,0.687949906,0.629119014,61.867744
Hidden2,3,100,4000,16,relu,<class 'torch.optim.adam.Adam'>,<class 'torch.nn.modules.loss.CrossEntropyLoss'>,78.73902526,0.589737708,0.830686034,0.689775682,0.642145599,61.837498
Hidden2,4,100,4000,16,relu,<class 'torch.optim.adam.Adam'>,<class 'torch.nn.modules.loss.CrossEntropyLoss'>,78.47936743,0.590663953,0.816673755,0.68552096,0.631525352,61.746159
Hidden2,4,100,4000,16,relu,<class 'torch.optim.adam.Adam'>,<class 'torch.nn.modules.loss.CrossEntropyLoss'>,78.32871845,0.644451787,0.800995559,0.714246729,0.652133275,61.624801
Hidden2,5,100,4000,16,relu,<class 'torch.optim.adam.Adam'>,<class 'torch.nn.modules.loss.CrossEntropyLoss'>,77.30755684,0.630495783,0.821463193,0.713421092,0.658288204,63.795276
Hidden2,5,100,4000,16,relu,<class 'torch.optim.adam.Adam'>,<class 'torch.nn.modules.loss.CrossEntropyLoss'>,76.61628175,0.627256203,0.795772395,0.701536387,0.637103873,62.782044
Hidden2,6,100,4000,16,relu,<class 'torch.optim.adam.Adam'>,<class 'torch.nn.modules.loss.CrossEntropyLoss'>,75.30189404,0.628769142,0.807045432,0.70683955,0.645372887,63.773001
Hidden2,6,100,4000,16,relu,<class 'torch.optim.adam.Adam'>,<class 'torch.nn.modules.loss.CrossEntropyLoss'>,75.23511133,0.638509341,0.818617792,0.717432399,0.660696655,61.779316
Hidden2,7,100,4000,16,relu,<class 'torch.optim.adam.Adam'>,<class 'torch.nn.modules.loss.CrossEntropyLoss'>,74.30446205,0.629988193,0.815017528,0.710656591,0.651195246,63.413999
Hidden2,7,100,4000,16,relu,<class 'torch.optim.adam.Adam'>,<class 'torch.nn.modules.loss.CrossEntropyLoss'>,75.01834676,0.665769428,0.801105252,0.727194208,0.663018134,62.15792
Hidden2,8,100,4000,16,relu,<class 'torch.optim.adam.Adam'>,<class 'torch.nn.modules.loss.CrossEntropyLoss'>,73.60807517,0.63833512,0.815017938,0.715936944,0.655582746,64.487237
Hidden2,8,100,4000,16,relu,<class 'torch.optim.adam.Adam'>,<class 'torch.nn.modules.loss.CrossEntropyLoss'>,75.68254301,0.6465764,0.818511232,0.722455141,0.664863556,61.363856
Hidden2,9,100,4000,16,relu,<class 'torch.optim.adam.Adam'>,<class 'torch.nn.modules.loss.CrossEntropyLoss'>,71.72587821,0.664742285,0.80066567,0.726400215,0.659521831,63.797158
Hidden2,9,100,4000,16,relu,<class 'torch.optim.adam.Adam'>,<class 'torch.nn.modules.loss.CrossEntropyLoss'>,73.08547568,0.666971488,0.816697536,0.73427963,0.674350704,61.89253
Hidden2,10,100,4000,16,relu,<class 'torch.optim.adam.Adam'>,<class 'torch.nn.modules.loss.CrossEntropyLoss'>,71.09444952,0.679101092,0.79354574,0.731876465,0.66167993,63.500093
Hidden2,10,100,4000,16,relu,<class 'torch.optim.adam.Adam'>,<class 'torch.nn.modules.loss.CrossEntropyLoss'>,71.90340504,0.654402316,0.82365373,0.729337578,0.672339789,62.495678
